Date,residual
2016-04-12,0.005900648036543006
2016-04-13,0.016748430085830608
2016-04-18,-0.002121314716453593
2016-04-20,-0.027019786644121593
2016-04-21,0.002803604024262607
2016-04-22,-0.003016238337467693
2016-04-25,-0.02235285073683809
2016-04-26,-0.0008519283099213972
2016-04-27,0.001505296916642107
2016-04-28,-0.02342077178080349
2016-04-29,-0.015046837165636293
2016-05-02,0.003414322657702407
2016-05-03,-0.012262659103262394
2016-05-04,0.0014531615315637068
2016-05-05,-0.003818993509621993
2016-05-06,-0.007381859433741594
2016-05-09,0.013596675386300206
2016-05-10,-0.001460618515028393
2016-05-11,-0.008204511780510593
2016-05-12,0.01678053389948691
2016-05-13,-0.015767220433470893
2016-05-16,-0.003152698208375593
2016-05-17,-0.007893105390421894
2016-05-18,0.0005426631747641069
2016-05-19,-0.02103971958606639
2016-05-20,-0.018934806830272592
2016-05-23,-0.005407060402697892
2016-05-24,0.010272868611973806
2016-05-25,0.010464894582622807
2016-05-26,-0.0054846045093235925
2016-05-27,0.028088055295245908
2016-05-30,-0.007076012927086593
2016-05-31,-0.012164640761477994
2016-06-01,-0.0053479149174604935
2016-06-02,0.0018739693266373067
2016-06-03,0.002648249430896907
2016-06-06,-0.005967741033665593
2016-06-07,-0.0006393070762201931
2016-06-08,-0.001896126928921993
2016-06-09,0.016811475854884808
2016-06-10,0.0047975308493287076
2016-06-13,0.003593813419067507
2016-06-14,-0.005856762522704194
2016-06-15,0.007615737538091307
2016-06-16,-0.009366433551874394
2016-06-17,-0.002336206340628693
2016-06-20,0.014671058051532206
2016-06-21,-0.004036652814359193
2016-06-22,-0.0076096473294118925
2016-06-23,-0.0009519489560486385
2016-06-24,-0.03092567978464089
2016-06-27,0.003503717978749507
2016-06-28,0.0013460760695965068
2016-06-29,0.008555178879097507
2016-06-30,0.001423144903380707
2016-07-01,0.0035261753431513067
2016-07-04,0.012618452890591407
2016-07-05,0.005564219329552306
2016-07-07,-0.006150805564428393
2016-07-08,-0.010563877223965793
2016-07-11,0.013407484201482306
2016-07-12,0.010021383710778606
2016-07-13,0.004416640706797707
2016-07-14,-0.004724942066823193
2016-07-15,0.006337220811479407
2016-07-18,-0.006796733132492093
2016-07-19,0.010511819051869906
2016-07-20,0.004195058892641006
2016-07-21,-0.01731051618184149
2016-07-22,0.007509928874298907
2016-07-25,0.006853108372921607
2016-07-26,0.00036913892842510673
2016-07-27,-0.011651354345966494
2016-07-28,0.012092692679386606
2016-07-29,-0.012119450198164294
2016-08-01,-0.006236047689262694
2016-08-02,0.002362615231774507
2016-08-03,-0.01968816412424349
2016-08-04,-0.0018573734914504932
2016-08-05,0.022243022975101306
2016-08-08,0.011810021562419806
2016-08-09,0.0005067278883127068
2016-08-10,-0.02749584750124789
2016-08-11,0.009457203242900907
2016-08-12,0.020271426639695108
2016-08-16,-0.011480035670518694
2016-08-17,-0.012283767931998993
2016-08-18,0.0037756550423252064
2016-08-19,-0.003999800308116093
2016-08-22,-0.003911015084803193
2016-08-23,-0.002285472916045593
2016-08-24,0.008995978618499507
2016-08-25,-0.008573712812441294
2016-08-26,0.013996803631923207
2016-08-29,0.02744141660997531
2016-08-30,0.007527027302752407
2016-08-31,-0.0069206018047660925
2016-09-01,-0.03038793805195989
2016-09-02,-0.016421242774763194
2016-09-06,0.005541871423145106
2016-09-07,-0.003109555521492193
2016-09-08,0.014457288171677707
2016-09-09,0.009830714077044507
2016-09-12,0.0009640700408652069
2016-09-14,-0.002574610169080693
2016-09-15,0.018296163385452906
2016-09-16,0.008956196768287307
2016-09-19,0.005447657900226806
2016-09-20,-0.008505563024836993
2016-09-21,-0.002717983723500593
2016-09-22,0.014553653464313906
2016-09-23,0.011737463713631907
2016-09-26,0.003080871491760107
2016-09-27,0.0020749949916484068
2016-09-28,-0.01893750334887479
2016-09-29,-0.017729136383947793
2016-09-30,0.009534370957654206
2016-10-03,0.005537592867432706
2016-10-04,0.0042657156292039075
2016-10-05,-0.007260461172519394
2016-10-06,0.01855234238770081
2016-10-07,-0.0025227394519191934
2016-10-10,-0.012373245801636193
2016-10-13,-0.03731096553250259
2016-10-14,0.01830511641332041
2016-10-17,-0.01680182835141869
2016-10-18,0.018196094594029908
2016-10-19,0.004863410557573007
2016-10-20,-0.0007170516604642932
2016-10-21,-0.02260512356846259
2016-10-24,-0.001747126481420893
2016-10-25,-0.003207754366471293
2016-10-26,-0.007331658856770694
2016-10-27,-0.0059895723923402925
2016-10-28,0.005041042753130108
2016-11-01,-0.004652312298324193
2016-11-02,-0.027170884346300092
2016-11-03,-0.0007056914577453932
2016-11-04,-0.01903386857590309
2016-11-07,-0.005286402392829194
2016-11-08,0.0014435143813659066
2016-11-09,0.00019463877585830687
2016-11-10,0.004855757373796506
2016-11-11,-0.009498973010992494
2016-11-15,-0.017357061845412892
2016-11-16,0.0002652930029859069
2016-11-17,-0.009860931420399293
2016-11-18,0.009021476404584707
2016-11-21,0.003141359138641607
2016-11-22,0.009084197971829506
2016-11-23,0.006609720812695707
2016-11-24,-0.02259135762964709
2016-11-25,0.005509662448473706
2016-11-28,-0.008020981015418394
2016-11-29,0.010236213412455506
2016-11-30,-0.008598160085873593
2016-12-01,0.006846429767889007
2016-12-02,-0.003912428556414993
2016-12-05,-0.001806224991228593
2016-12-06,0.010454455661312307
2016-12-07,-0.006937989067382494
2016-12-08,0.01980111205828981
2016-12-09,0.007786307454935406
2016-12-12,-0.002603314796933093
2016-12-13,0.011290632758241907
2016-12-14,0.017867782377013607
2016-12-15,-0.007102364344758593
2016-12-16,0.003079698972375407
2016-12-19,0.0041940056425015075
2016-12-20,-0.005286812578902794
2016-12-21,0.004143379537604807
2016-12-22,-0.010255667616584193
2016-12-23,0.0028419727829555068
2016-12-26,-0.010261023428834793
2016-12-27,0.015433447969027807
2016-12-28,-0.015089802011636394
2016-12-29,0.013991967431269906
2016-12-30,0.014882448959559208
2017-01-02,0.0015903693867444068
2017-01-03,0.003053906171156207
2017-01-04,-0.02153658390251499
2017-01-05,0.008658164578720807
2017-01-06,-0.003177596435696393
2017-01-09,0.001653879784116707
2017-01-10,0.010309978143224407
2017-01-11,-0.004393783435410193
2017-01-12,-0.003436391954457993
2017-01-13,0.005631737409184406
2017-01-16,-0.013962924101348594
2017-01-17,-0.03396189207648259
2017-01-18,-0.009291522882050693
2017-01-19,0.00021213167841680684
2017-01-20,-0.008572840764867593
2017-01-23,-0.010598848928816894
2017-01-24,0.010258088583067307
2017-01-25,-0.010682910408736094
2017-01-27,0.0067370304730419075
2017-01-30,0.018134314637853307
2017-01-31,-0.0005183304414418932
2017-02-01,0.003347418014458207
2017-02-02,-0.006777288974503493
2017-02-03,-0.010385261759795494
2017-02-06,0.006808749598709607
2017-02-07,-0.011274799679902994
2017-02-08,-0.006494236579084394
2017-02-09,0.006485131781954607
2017-02-10,-0.003421733105455793
2017-02-13,-0.0011922783215414933
2017-02-14,0.01828537271519781
2017-02-15,0.0005268160074924069
2017-02-16,0.014391022962254906
2017-02-17,0.006564991481522507
2017-02-20,-0.0009939424698953438
2017-02-21,0.010931424287595406
2017-02-22,0.10312590142355561
2017-02-23,-0.02161066569009409
2017-02-27,0.04548044491857691
2017-02-28,-0.0015873309033196932
2017-03-01,-0.0037725734679287934
2017-03-02,0.0009200793713438069
2017-03-03,0.01657223562989061
2017-03-06,0.035609770257497605
2017-03-07,-0.0012074938928350932
2017-03-08,-0.011493591060823193
2017-03-09,-0.004353592941130993
2017-03-10,-0.0048722417418067925
2017-03-14,0.005205112960127507
2017-03-15,0.011009182735666107
2017-03-16,-0.006510519113690293
2017-03-17,0.001446325091019407
2017-03-20,-0.016318528231111393
2017-03-21,-0.014262729059138893
2017-03-22,-0.004150594637073093
2017-03-23,0.009837189621538006
2017-03-24,0.009606542278534606
2017-03-27,-0.028997455686501392
2017-03-28,-0.005186287794196694
2017-03-29,0.007810594717306506
2017-03-30,0.010178062055820607
2017-03-31,0.03788370102556981
2017-04-03,0.03898470544269891
2017-04-05,0.028029576643891708
2017-04-06,0.015570085841203606
2017-04-07,-0.023326319493728393
2017-04-10,-0.01901507780359339
2017-04-11,-0.007437791999337593
2017-04-12,-0.014362508009562694
2017-04-13,0.007043737229523906
2017-04-17,0.018724919696828508
2017-04-18,-0.016578185955419093
2017-04-19,-0.0019232625897478931
2017-04-20,-0.00035326931887359313
2017-04-21,0.02287321659926081
2017-04-24,0.009666664565693206
2017-04-25,0.009905268781808906
2017-04-26,-0.012377764261879493
2017-04-27,-0.005819668833452493
2017-04-28,-0.011098337353069594
2017-05-02,-0.01872658410689799
2017-05-03,-0.0012296074832480932
2017-05-04,-0.009808348704952494
2017-05-05,-0.02301492875614209
2017-05-08,-0.006071672912434593
2017-05-09,0.005849451444828508
2017-05-10,0.02047942153322321
2017-05-11,-0.0005697855942107932
2017-05-12,-0.007617000004501993
2017-05-15,-0.005614196450951993
2017-05-16,0.008134635406861306
2017-05-17,-0.003263196983629893
2017-05-18,-0.020114785506716092
2017-05-19,-0.007325348786372993
2017-05-22,0.003109648911023707
2017-05-23,-0.015047414610231593
2017-05-24,-0.0069318705804519935
2017-05-25,0.002752597061529907
2017-05-26,0.025504476278309707
2017-05-29,0.013649030059583107
2017-05-30,0.0009029737343454068
2017-05-31,-0.014715957664508393
2017-06-01,-0.010230499517970993
2017-06-02,-0.003539565896573193
2017-06-05,0.0025651957902236068
2017-06-06,-0.013428866568622494
2017-06-07,0.018859745948333107
2017-06-08,-0.006367587030959894
2017-06-09,0.002098050305535807
2017-06-12,-0.013141654893164694
2017-06-13,-0.004773632021608593
2017-06-14,0.03140145483703351
2017-06-15,0.01839619310476411
2017-06-16,0.0025970908246176067
2017-06-19,0.013716463400037807
2017-06-20,0.0012964331873738066
2017-06-21,0.005908288681544107
2017-06-22,0.006560657170159407
2017-06-23,0.0013299337789368067
2017-06-27,4.017890092506793e-06
2017-06-28,-0.02816274238720329
2017-06-29,-0.005057009999523793
2017-06-30,-0.010061828540521893
2017-07-03,-0.0001405722308388932
2017-07-04,0.028284175064632208
2017-07-05,0.013551697427196406
2017-07-06,-0.0009705360353811933
2017-07-07,0.03223415670071791
2017-07-10,0.00023843930434960673
2017-07-11,0.00010341161500790688
2017-07-12,0.010245408230678706
2017-07-13,0.014270039305798307
2017-07-14,0.006723749882735407
2017-07-17,0.010766692157265006
2017-07-18,-0.02163983662703479
2017-07-19,0.007648320058445006
2017-07-20,-0.003546473490474493
2017-07-21,0.03513488442763881
2017-07-24,0.01800439870919831
2017-07-25,-0.009044385792829094
2017-07-26,0.011874753481758307
2017-07-27,-0.018274919332095692
2017-07-28,-0.0011205945971948933
2017-07-31,0.012028963752047706
2017-08-01,-0.008108632584001194
2017-08-02,0.014936762545293107
2017-08-03,0.011845686328792007
2017-08-04,-0.017984310999002794
2017-08-07,-0.004482810160749493
2017-08-08,-0.009475519008522493
2017-08-09,-0.003243879101537693
2017-08-10,-0.009980120770643893
2017-08-11,-0.025242617242578393
2017-08-14,0.016282810163979707
2017-08-16,-0.005328949797233293
2017-08-17,-0.0002627292884423932
2017-08-18,0.004381425281664407
2017-08-21,-0.007907911514741394
2017-08-22,-0.0036855757655356934
2017-08-23,0.013102659063012907
2017-08-24,-0.009789823705011394
2017-08-28,-0.001857911323290893
2017-08-29,-0.02310471991805409
2017-08-30,0.01973727105165931
2017-08-31,0.018348817330534308
2017-09-01,0.008835037016993307
2017-09-04,0.001115336869831007
2017-09-05,0.010960181221588606
2017-09-06,0.006908509727105007
2017-09-07,-0.006507863403053994
2017-09-08,-0.0023691214848113934
2017-09-11,0.0003223957315902069
2017-09-12,0.006226009356964707
2017-09-13,0.029291098909518407
2017-09-14,-0.006985507273709493
2017-09-15,-0.0033333221642255933
2017-09-18,0.0035439920503498065
2017-09-19,-0.009154677863352693
2017-09-20,0.009242899086012106
2017-09-21,-0.007771062810230793
2017-09-22,-0.029780060373744893
2017-09-25,0.004163306402743207
2017-09-26,-0.002667690619163393
2017-09-27,-0.026778668646818993
2017-09-28,-0.016920457600819293
2017-09-29,-0.007983226192506793
2017-10-03,0.021199102474603108
2017-10-04,0.024452778305316208
2017-10-05,0.005550474714020306
2017-10-06,0.014630404057345106
2017-10-09,-0.008576245505838492
2017-10-10,0.014094478970903707
2017-10-11,-0.004524784627481193
2017-10-12,0.03716772721470271
2017-10-13,0.003329392957688407
2017-10-16,-0.0005016196916623932
2017-10-17,-0.003699277903456893
2017-10-18,0.04399577435935141
2017-10-19,-0.005943839247415893
2017-10-23,0.03137814780015521
2017-10-24,-0.0067708007435438936
2017-10-25,0.005128411979307407
2017-10-26,0.007046817849652606
2017-10-27,-0.01959898729802489
2017-10-30,0.012611445542345707
2017-10-31,-0.0026532116546809934
2017-11-01,0.011457900936812206
2017-11-02,-0.007167071484017793
2017-11-03,-0.0022753035334579933
2017-11-06,-0.014534181066999894
2017-11-07,-0.02895856018191089
2017-11-08,-0.021966188816737293
2017-11-09,0.013302726685544006
2017-11-10,-0.01956384084274719
2017-11-13,-0.010678678996870694
2017-11-14,0.012095911360012606
2017-11-15,-0.004290099673045093
2017-11-16,0.021644597477424907
2017-11-17,0.007965978728262307
2017-11-20,0.008865792914423007
2017-11-21,0.011724638867921206
2017-11-22,-0.002833056302163693
2017-11-23,0.016407359400832607
2017-11-24,0.003419160583887407
2017-11-27,-0.0006382549955158932
2017-11-28,-0.009345674673147293
2017-11-29,0.0019041877994369068
2017-11-30,-0.027086559001931593
2017-12-01,-0.013403527386524994
2017-12-04,-0.010284664160155794
2017-12-05,0.012430213170466206
2017-12-06,0.013172870154123707
2017-12-07,0.004372776959401607
2017-12-08,-0.012290894536585394
2017-12-11,-0.006181030027012693
2017-12-12,-0.0015013897987383932
2017-12-13,-0.0019391423947236932
2017-12-14,0.0065603249254761065
2017-12-15,-0.0028019372158238935
2017-12-18,0.0004570184532618068
2017-12-19,0.004459288922060108
2017-12-20,-0.009360696880951194
2017-12-21,-0.0065806019103424925
2017-12-22,0.007226211599825706
2017-12-26,0.009260152597898906
2017-12-27,-0.0074289445944612925
2017-12-28,-0.0004141186631053932
2017-12-29,-0.004315191708896894
2018-01-01,-0.013245478606402893
2018-01-02,0.0006366375581751068
2018-01-03,0.003097015787675407
2018-01-04,0.0050931000791178075
2018-01-05,0.0022992345471414067
2018-01-08,0.004823254390552107
2018-01-09,0.012364779641538606
2018-01-10,0.0005856896071979069
2018-01-11,-0.0057943664490993935
2018-01-12,0.011024330635320706
2018-01-15,-0.0007430644557971932
2018-01-16,-0.02889261824950219
2018-01-17,0.0007769108729770069
2018-01-18,-0.0061066007094394935
2018-01-19,0.011632915175962107
2018-01-22,0.04135881141854981
2018-01-23,0.011121113175985006
2018-01-24,-0.018238317421414692
2018-01-25,-0.0013667621111181933
2018-01-29,-0.002351610244612193
2018-01-30,-0.015627949789696092
2018-01-31,0.010502589982736106
2018-02-01,-0.019220269527352292
2018-02-02,-0.043651799721471894
2018-02-05,-0.003336736478440893
2018-02-06,-0.012103506464629994
2018-02-07,0.0016738672783426067
2018-02-08,0.010383329573615407
2018-02-09,-0.008335584426593092
2018-02-12,0.018566365007110508
2018-02-14,0.018730337500415608
2018-02-15,0.001238644366851107
2018-02-16,-0.016356627297066793
2018-02-19,0.005266788592639706
2018-02-20,-0.007286254097921094
2018-02-21,0.008016023021963307
2018-02-22,-0.0062956393861215935
2018-02-23,0.009752257297562406
2018-02-26,0.003850906768709707
2018-02-27,0.011591066097464407
2018-02-28,0.0033508156507612067
2018-03-01,-0.007364693785157294
2018-03-05,-0.026856880837785393
2018-03-06,-0.015343236098574194
2018-03-07,-0.02433865702532149
2018-03-08,0.02319512977300491
2018-03-09,0.0009076275057146067
2018-03-12,0.017760547776239307
2018-03-13,0.0007638136658608067
2018-03-14,-0.003910176344294193
2018-03-15,-0.01964309808465009
2018-03-16,-0.013871296924257594
2018-03-19,-0.005969150894561194
2018-03-20,-0.007286415782909993
2018-03-21,0.007046553982586707
2018-03-22,0.011564184609180206
2018-03-23,-0.016716780511567192
2018-03-26,0.007121345720308007
2018-03-27,-0.002344746176547193
2018-03-28,-0.02008812059889299
2018-04-02,0.010644086179764606
2018-04-03,0.0064631289957012075
2018-04-04,-0.006083677203420793
2018-04-05,0.013851479222656806
2018-04-06,0.0021773288063372067
2018-04-09,0.004572350087113406
2018-04-10,0.0002447282937366069
2018-04-11,0.014034971332111106
2018-04-12,-0.0032132301938068934
2018-04-13,0.009968891112320407
2018-04-16,-0.002820152900067593
2018-04-17,0.006753335396402707
2018-04-18,-0.007542000706761693
2018-04-19,0.003672722815346007
2018-04-20,-0.016300837913398494
2018-04-23,0.007790511819076706
2018-04-24,0.03483107395557091
2018-04-25,-0.00043713949461579316
2018-04-26,0.004083880187140407
2018-04-27,0.02035102755419771
2018-04-30,-0.03458461125894459
2018-05-02,0.008809891508598606
2018-05-03,-0.012378133703394193
2018-05-04,-0.008888329077057893
2018-05-07,0.016814064381421908
2018-05-08,-0.004925584272485593
2018-05-09,0.008976644813066507
2018-05-10,0.0036448439271578067
2018-05-11,0.007320588849776806
2018-05-14,-0.003583361476989593
2018-05-15,-0.008685074625641493
2018-05-16,-0.02446687214963469
2018-05-17,-0.012260664498621893
2018-05-18,-0.013140327962597493
2018-05-21,-0.0035815861205330934
2018-05-22,-0.005852377874497893
2018-05-23,-0.01667084324579189
2018-05-24,0.0030373651484961067
2018-05-25,0.004489350148000606
2018-05-28,-0.0013356110449524931
2018-05-29,-0.004111136553458293
2018-05-30,-0.002373747752103293
2018-05-31,0.004813515674745807
2018-06-01,0.009034818757264307
2018-06-04,0.010106826401263206
2018-06-05,0.006300446499089507
2018-06-06,0.006196621307589308
2018-06-07,0.01670294716429751
2018-06-08,0.012393688748476206
2018-06-11,-0.002629414034769793
2018-06-12,0.013747018083096207
2018-06-13,0.004449969120360907
2018-06-14,0.004520672672612008
2018-06-15,0.005280429843048107
2018-06-18,0.0004292712495085069
2018-06-19,-0.02028914909924229
2018-06-20,0.02212381017478191
2018-06-21,0.011482197495506006
2018-06-22,-0.019928735296867194
2018-06-25,-0.008883495301335094
2018-06-26,-0.02661576784153579
2018-06-27,-0.007710703128543293
2018-06-28,-0.022777533251008293
2018-06-29,0.02778558178189691
2018-07-02,-0.013161590577226493
2018-07-03,0.010176266455152407
2018-07-04,0.018269657916264507
2018-07-05,-0.02709729206198479
2018-07-06,0.012538599522926406
2018-07-09,0.018900538595355208
2018-07-10,0.027378626412787807
2018-07-11,0.011789845143144006
2018-07-12,0.04016734473924001
2018-07-13,0.015092720074993406
2018-07-16,-0.02259298632567929
2018-07-17,0.013993986551882007
2018-07-18,-0.0007179060565612931
2018-07-19,0.010294000364062406
2018-07-20,0.020411786426171308
2018-07-23,-0.008326857468722092
2018-07-24,-0.009282052476048193
2018-07-25,0.0028724012033086066
2018-07-26,-0.0049444411000116924
2018-07-27,0.01623849137888361
2018-07-30,0.017992762891680808
2018-07-31,0.02870641736195341
2018-08-01,0.0044389159093220065
2018-08-02,-0.021234583249938793
2018-08-03,0.006432819892218207
2018-08-06,0.012308399492297806
2018-08-07,-0.007969511451640293
2018-08-08,0.026995259133467807
2018-08-09,-0.0006954517918434932
2018-08-10,-0.012254766572863394
2018-08-13,-0.014697800803086993
2018-08-14,0.018196465528863007
2018-08-16,-0.009029372294587194
2018-08-17,0.0015529060805698066
2018-08-20,0.024647107494785207
2018-08-21,0.009010005427895306
2018-08-23,0.01678179815128261
2018-08-24,0.005420185425960606
2018-08-27,0.009998285412430806
2018-08-28,0.020168539189739806
2018-08-29,-0.01988222258251239
2018-08-30,-0.016278994632443793
2018-08-31,-0.02697449082111189
2018-09-03,-0.011019374637242294
2018-09-04,0.009458828906654707
2018-09-05,-0.013011671953082194
2018-09-06,0.02674901449904061
2018-09-07,0.012642483770286407
2018-09-10,-0.01885415675661409
2018-09-11,-0.015458791703774294
2018-09-12,0.010985888978635306
2018-09-14,-0.00038227586478019316
2018-09-17,-0.02288632432270449
2018-09-18,-0.008064135650480293
2018-09-19,-0.006173029461042093
2018-09-21,0.0046583809236472075
2018-09-24,0.010979077766743906
2018-09-25,-0.002078812729610793
2018-09-26,0.01585998260537451
2018-09-27,0.0009753950879750068
2018-09-28,0.0024431132890629067
2018-10-01,-0.021988928554404392
2018-10-03,-0.02273395787691789
2018-10-04,-0.0721279490051075
2018-10-05,-0.06854224760125409
2018-10-08,0.05522395610051221
2018-10-09,-0.01849681279042329
2018-10-10,0.010092896891146307
2018-10-11,-0.013961166588758893
2018-10-12,0.034101483120507606
2018-10-15,0.010748140223252007
2018-10-16,0.019980475824280607
2018-10-17,-0.011699770312794193
2018-10-19,-0.045301461324890595
2018-10-22,-0.03662649580660029
2018-10-23,-0.008410471235646593
2018-10-24,-0.009423189460780393
2018-10-25,-0.015300129449054893
2018-10-26,0.012684912757891506
2018-10-29,0.039335219558306905
2018-10-30,-0.029623487498098792
2018-10-31,0.0031115664801743066
2018-11-01,-0.005623584734181094
2018-11-02,0.01660173235232411
2018-11-05,0.013324191447177907
2018-11-06,0.011676651533644207
2018-11-07,0.005058758848588307
2018-11-09,-0.01655353524556799
2018-11-12,-0.013277862276491593
2018-11-13,0.016948066890221408
2018-11-14,-0.002266269703550693
2018-11-15,-0.0019034240252455933
2018-11-16,0.02657067816020211
2018-11-19,0.018946779545595607
2018-11-20,-0.011918033554511794
2018-11-21,-0.02267674155314039
2018-11-22,-0.009972472732483693
2018-11-26,0.005335897206363807
2018-11-27,0.015587753318715708
2018-11-28,0.020539065966462707
2018-11-29,0.012756286831382106
2018-11-30,-0.0017143159707728932
2018-12-03,-0.010453679898942594
2018-12-04,-0.004496208939148294
2018-12-05,0.0015695622996946068
2018-12-06,-0.02854896608954779
2018-12-07,0.008091377007563107
2018-12-10,-0.04006885289452549
2018-12-11,0.005772417974702206
2018-12-12,0.010828937514177307
2018-12-13,-0.004012549829575994
2018-12-14,0.0037401456589191066
2018-12-17,0.014888023187422507
2018-12-18,0.0048354472289088065
2018-12-19,-0.0005492538374368932
2018-12-20,-0.008273241086234492
2018-12-21,-0.02625423408640429
2018-12-24,-0.010995371013867094
2018-12-26,0.007510459289955206
2018-12-27,0.018797154605025707
2018-12-28,0.003863538674908007
2018-12-31,-0.004728756508256093
2019-01-01,-0.0011239642768785933
2019-01-02,-0.014010640954250494
2019-01-03,-0.013315096303937693
2019-01-04,0.004483656130038607
2019-01-07,0.004635851978414306
2019-01-08,-0.0009914775005085154
2019-01-09,0.004605922192671207
2019-01-10,-0.0038312625451108933
2019-01-11,-0.009470385630510994
2019-01-14,-0.0020400404044948932
2019-01-15,0.028610063999135207
2019-01-16,0.0046165167424464075
2019-01-17,-0.0021784508371647934
2019-01-18,0.04214506472131141
2019-01-21,0.04315956421797551
2019-01-22,-0.002963364902298893
2019-01-23,-0.008092002020008593
2019-01-24,0.016198984676481707
2019-01-25,-0.0020640440643075932
2019-01-28,-0.014191445904800494
2019-01-29,-0.01639156233041649
2019-01-30,-0.013326731797508094
2019-01-31,0.025061674401125007
2019-02-01,0.017508008902684107
2019-02-04,0.03133513421421421
2019-02-05,-0.0003978093026405932
2019-02-06,0.013474138939195506
2019-02-07,-0.016166825286112494
2019-02-08,-0.010791751990503893
2019-02-11,-0.020222395258150193
2019-02-12,0.0016091810520712066
2019-02-14,-0.02686377397426209
2019-02-15,0.015505131281221407
2019-02-18,-0.02066177561857969
2019-02-19,-0.0041849661427981934
2019-02-20,0.013994467890848907
2019-02-21,0.009214758956112106
2019-02-22,-0.012638477647358993
2019-02-25,-0.0009417907380840653
2019-02-26,-0.010727536357674894
2019-02-27,0.001758875519502707
2019-02-28,0.005250829914806307
2019-03-01,-0.004970814073255192
2019-03-05,0.008515760661714906
2019-03-06,0.02079847779483831
2019-03-07,0.0033987997667796065
2019-03-08,-0.003383829076342193
2019-03-11,0.02788119742215741
2019-03-12,0.019779256472058308
2019-03-13,0.011008310780273707
2019-03-14,-0.005178180487638993
2019-03-15,-0.015845583148987492
2019-03-18,0.02035975717542361
2019-03-19,0.01853750442158551
2019-03-20,-0.0017004176606860931
2019-03-22,-0.025707130392894392
2019-03-25,-0.013878620503771994
2019-03-26,0.03090322065537681
2019-03-27,-0.014153706912287293
2019-03-28,0.007034864169739207
2019-04-01,0.02224801567382331
2019-04-02,-0.002446901729598493
2019-04-03,-0.011389681819289394
2019-04-04,-0.01713907246825299
2019-04-05,-0.0002730985510882932
2019-04-08,-0.01927521277828249
2019-04-09,0.003003153336837807
2019-04-10,-0.003189188165489293
2019-04-11,0.010599588331907507
2019-04-12,-0.0036522539408574933
2019-04-15,-0.003099871819058493
2019-04-16,0.0017814835900250067
2019-04-18,0.03002083407574921
2019-04-22,-0.030632602748669493
2019-04-23,0.012756105794092006
2019-04-24,0.01773154055741861
2019-04-25,-0.013283916156491493
2019-04-26,0.013853824841134907
2019-04-30,-0.0009010260095934932
2019-05-02,0.007855967153792606
2019-05-03,0.0017998862214073067
2019-05-06,-0.018047004467328893
2019-05-07,-0.031250711469801296
2019-05-08,-0.03423817007193009
2019-05-09,-0.034551610005040694
2019-05-10,-0.0051282674010026934
2019-05-13,-0.016284717704811793
2019-05-14,0.021888335113674107
2019-05-15,-0.003721646420152593
2019-05-16,0.005799456609177507
2019-05-17,0.0007178021699524068
2019-05-20,0.044222736201762106
2019-05-21,0.009527826058261106
2019-05-22,-0.0004532387899392932
2019-05-23,-0.0057619099253045925
2019-05-24,0.001308008099553607
2019-05-27,-0.02069399615815829
2019-05-28,0.009044428473762406
2019-05-29,-0.009017073665108793
2019-05-30,0.011737440635342407
2019-05-31,-0.0006002917575350932
2019-06-03,0.021439073459722607
2019-06-04,-0.007206934217274294
2019-06-06,-0.019042465588023093
2019-06-07,-0.010324989254245494
2019-06-10,0.002326027279793407
2019-06-11,0.006650817191139106
2019-06-12,0.0013537082325693066
2019-06-13,-0.004586078873974693
2019-06-14,-0.008236280563846093
2019-06-17,-0.028019645032169492
2019-06-18,-0.0019152996596520932
2019-06-19,-0.003754557866673593
2019-06-20,0.014172640607087507
2019-06-21,-0.014292640756036893
2019-06-24,-0.014355895179757994
2019-06-25,0.02525118795657451
2019-06-26,-0.002213694239595893
2019-06-27,-0.01647595086032099
2019-06-28,-0.01755994499436219
2019-07-01,0.011589712832905306
2019-07-02,0.0066755094971079065
2019-07-03,0.002261625259586007
2019-07-04,0.00022897411332130683
2019-07-05,-0.017114446923037593
2019-07-08,-0.009885586501039493
2019-07-09,0.02125476061493081
2019-07-10,-0.0018779759387230932
2019-07-11,0.001208085665998707
2019-07-12,-0.001720576594834793
2019-07-15,-0.004343199437863993
2019-07-16,0.012255486668671106
2019-07-17,-0.009561719491847193
2019-07-18,-0.016626365336458494
2019-07-19,-0.011136774307073194
2019-07-22,0.02400641584701091
2019-07-23,-0.006343416943843293
2019-07-24,-0.012312081792400094
2019-07-25,-0.023065340484417492
2019-07-26,-0.015378041875746594
2019-07-29,-0.003251870387231293
2019-07-30,-0.026029193753821293
2019-07-31,-0.013384469441260394
2019-08-01,0.011031803990402106
2019-08-02,0.008551367292404107
2019-08-05,-0.03613260659837899
2019-08-06,-0.014151444433133894
2019-08-07,-0.01779386011786959
2019-08-08,0.037082906435945605
2019-08-09,0.007524590899298307
2019-08-13,0.09162015806264091
2019-08-14,0.009633777292449807
2019-08-16,-0.008889517523170094
2019-08-19,0.010458341697202706
2019-08-20,-0.013865714429396594
2019-08-21,-0.004827355183595193
2019-08-22,-0.02012548213970619
2019-08-23,0.022171377182541207
2019-08-26,-0.008019573847741794
2019-08-27,0.005433362616684107
2019-08-28,-0.010002103708131094
2019-08-29,-0.01810666442140989
2019-08-30,0.004560160856689307
2019-09-03,-0.035243116134354095
2019-09-04,-0.005262480294577593
2019-09-05,-0.0030261283014523933
2019-09-06,0.018842544285236507
2019-09-09,-0.0011463622777751932
2019-09-11,0.009031583991152406
2019-09-12,-0.02057648747876689
2019-09-13,0.011619935272762706
2019-09-16,-0.013091646129704594
2019-09-17,-0.011946680252374494
2019-09-18,0.005965009113755608
2019-09-19,-0.023252376708499393
2019-09-20,0.06100742132665881
2019-09-23,-0.013052426206142494
2019-09-24,0.030476940880643705
2019-09-25,-0.00023661785104349322
2019-09-26,0.012490241341594207
2019-09-27,0.008500907798279706
2019-09-30,0.016666549189626807
2019-10-01,-0.02164385974246579
2019-10-03,0.003801010162349207
2019-10-04,-0.0031536839816563933
2019-10-07,0.0006267553005566068
2019-10-09,0.010219348318261406
2019-10-10,0.02737987841776491
2019-10-11,-0.008377101653965593
2019-10-14,0.0030832423379826067
2019-10-15,0.003617467614467207
2019-10-16,0.005092013912674706
2019-10-17,0.016543598790493007
2019-10-18,0.013212886405762207
2019-10-22,-0.0024553529695268933
2019-10-23,-0.016400872494528193
2019-10-24,0.03024474285118991
2019-10-25,-0.004562419955054693
2019-10-27,0.0012278069958861068
2019-10-29,0.02171054527973821
2019-10-30,0.007279124358702307
2019-10-31,-0.010923442527277094
2019-11-01,-0.006001473956795993
2019-11-04,-0.0003863738362009932
2019-11-05,-0.008026952589197894
2019-11-06,-0.009505810705944993
2019-11-07,0.015481210490442108
2019-11-08,-0.009922760215815193
2019-11-11,-0.013221607514679193
2019-11-13,0.02978990695257871
2019-11-14,-0.007408409847404793
2019-11-15,0.0046209890093774075
2019-11-18,-0.008853160903589393
2019-11-19,0.03315472446830891
2019-11-20,0.02389259537603811
2019-11-21,-0.0074160245113237926
2019-11-22,0.004870620809761207
2019-11-25,0.008783668969402606
2019-11-26,-0.0017338558442974933
2019-11-27,0.005232846629703407
2019-11-28,0.0057336399613888075
2019-11-29,-0.019519051585852792
2019-12-02,0.021632587489956407
2019-12-03,-0.005702982911790493
2019-12-04,-0.017633977587530093
2019-12-05,-0.0020932575499159932
2019-12-06,0.001707111068370907
2019-12-09,0.010418128936520506
2019-12-10,-0.007696331980823493
2019-12-11,-0.0006130748256786932
2019-12-12,0.0028044503737544068
2019-12-13,0.008429058612937006
2019-12-16,-0.011251988400525593
2019-12-17,-0.003393528606675793
2019-12-18,0.007478511064641907
2019-12-19,0.020507402293930707
2019-12-20,-0.007663147747549294
2019-12-23,-0.018375028660844193
2019-12-24,-0.016906041891862993
2019-12-26,-0.02118349588702539
2019-12-27,0.01672674946999371
2019-12-30,0.0002977719413416067
2019-12-31,-0.020618874207951193
2020-01-01,-0.003844582721020793
2020-01-02,0.015980111509402307
2020-01-03,0.0003031847254407068
2020-01-06,-0.024366443912306593
2020-01-07,0.014366454381795006
2020-01-08,-0.008439534898307992
2020-01-09,0.021869200471424807
2020-01-10,-0.0011272113238493932
2020-01-13,-0.003456433819258693
2020-01-14,-0.010207665174717393
2020-01-15,-0.004536557948964293
2020-01-16,0.008276659743703507
2020-01-17,0.026738809268169607
2020-01-20,-0.03215599680237529
2020-01-21,0.0001100145836935068
2020-01-22,-0.0012598146104059933
2020-01-23,-0.005149092689577193
2020-01-24,-0.004378174190438093
2020-01-27,-0.010808354227520193
2020-01-28,-0.02427119192610939
2020-01-29,0.004587498810038407
2020-01-30,-0.02559781278124799
2020-01-31,-0.023385707476157893
2020-02-03,-0.019599107583453693
2020-02-04,0.028191692805177207
2020-02-05,0.014473585133543906
2020-02-06,0.005498911709600306
2020-02-07,-0.017605569657859192
2020-02-10,0.0004580815957763069
2020-02-11,0.010974331692860606
2020-02-12,0.011107258015562506
2020-02-13,0.0017138500352346067
2020-02-14,0.008181516681569806
2020-02-17,-0.007206135342165992
2020-02-18,-0.008267822296318193
2020-02-19,0.02360214257568481
2020-02-20,-0.012841930100560894
2020-02-24,-0.028880814949002593
2020-02-25,-0.020856986906625092
2020-02-26,-0.01827808164621649
2020-02-27,-0.005040304535602292
2020-02-28,-0.043339962094314094
2020-03-02,-0.010353512538153593
2020-03-03,0.019182297827514308
2020-03-04,-0.0032494660819288933
2020-03-05,-0.02244208576360139
2020-03-06,-0.0320017812813367
2020-03-09,-0.1326131717323636
2020-03-11,0.03385125665092021
2020-03-12,-0.08264999060993629
2020-03-13,0.03812066291715411
2020-03-16,-0.0854397587120888
2020-03-17,-0.008510867760453993
2020-03-18,-0.04087597425452039
2020-03-19,-0.054779009181529295
2020-03-20,0.10277448802772761
2020-03-23,-0.1419335452893896
2020-03-24,0.0640757469850558
2020-03-25,0.1364061199100835
2020-03-26,-0.015842320526683593
2020-03-27,-0.001463974167759193
2020-03-30,-0.03444350504996939
2020-03-31,0.07683623184678531
2020-04-01,-0.031256151041748
2020-04-03,-0.003681534236057493
2020-04-07,0.1118939573994505
2020-04-08,-0.012534800155808793
2020-04-09,0.022150423523509308
2020-04-13,-0.026471960128723993
2020-04-15,-0.03450844242360959
2020-04-16,0.014803438525110008
2020-04-17,0.04588725883909181
2020-04-20,0.015146024430170305
2020-04-21,-0.0061002568985060925
2020-04-22,0.0962551468124138
2020-04-23,0.004438384505254507
2020-04-24,0.03217338909859341
2020-04-27,0.008056590881454606
2020-04-28,-0.0020206249881935933
2020-04-29,-0.0017416920431827933
2020-04-30,0.026097336326090407
2020-05-04,-0.02213445878278989
2020-05-05,0.016676202604553807
2020-05-06,-0.0008324669829998534
2020-05-07,0.03023663715073061
2020-05-08,0.03485028824256351
2020-05-11,0.008657491847354206
2020-05-12,-0.06476336911242969
2020-05-13,0.020093840191963107
2020-05-14,-0.04217010364504419
2020-05-15,0.015297677303566305
2020-05-18,-0.013762640542642793
2020-05-19,-0.023255557547753592
2020-05-20,0.016548332285069807
2020-05-21,0.004351273468797507
2020-05-22,-0.007654100025033193
2020-05-26,-0.006153797120451793
2020-05-27,0.014083963020912907
2020-05-28,0.017400771296162208
2020-05-29,-0.006247226761897394
2020-06-01,0.036594036971622106
2020-06-02,0.009144594718503707
2020-06-03,0.002965985540164607
2020-06-04,0.023544012621670007
2020-06-05,0.00030085595180640674
2020-06-08,-0.008644087538606094
2020-06-09,-0.02172818397642829
2020-06-10,0.02161322052307201
2020-06-11,-0.02305739084466829
2020-06-12,0.03179008665100981
2020-06-15,0.015176332115409105
2020-06-16,0.0010480341230633067
2020-06-17,-0.002354725420769193
2020-06-18,0.023891927457831207
2020-06-19,0.05972722070212991
2020-06-22,-0.008460538447050893
2020-06-23,-0.015467023563578793
2020-06-24,0.0031294709776465072
2020-06-25,-0.006676339681775794
2020-06-26,0.012829293039248707
2020-06-29,-0.011579891228445093
2020-06-30,-0.012017907963810994
2020-07-01,0.018566755015750107
2020-07-02,0.016167858733599008
2020-07-03,0.014627958798662506
2020-07-06,0.03421542408062611
2020-07-07,-0.016328805806092694
2020-07-08,-0.014956362881185294
2020-07-09,0.013592780032283107
2020-07-10,0.028164242189039707
2020-07-13,0.028972254394029708
2020-07-14,-0.010246935783941494
2020-07-15,-0.039725416421513095
2020-07-16,-0.001226355576568193
2020-07-17,0.03548018436611041
2020-07-20,0.0033791102627417067
2020-07-21,0.02564592430424001
2020-07-22,0.015424079691185406
2020-07-23,0.025591363420730207
2020-07-24,0.041136951082591106
2020-07-27,0.003770871192683507
2020-07-28,0.009020904017646006
2020-07-29,-0.03882953595109309
2020-07-30,0.004900979112921406
2020-07-31,-0.02089717435651649
2020-08-03,-0.02941060283437749
2020-08-04,0.0672087650512089
2020-08-05,-0.012194053372219594
2020-08-06,0.0026900645842839067
2020-08-07,0.004869253659073407
2020-08-10,-0.013370954747397693
2020-08-11,0.005658020100967406
2020-08-12,-0.0038108125200819933
2020-08-13,-0.003512877389377793
2020-08-14,-0.004796454656310694
2020-08-17,-0.011578482078757493
2020-08-18,0.012021057364711806
2020-08-19,0.005216481441882607
2020-08-20,-0.01721883795833539
2020-08-21,-0.008175759734399494
2020-08-24,0.005753579255939407
2020-08-25,-0.007435504778807294
2020-08-26,0.02526527506085671
2020-08-27,-0.013472123880281293
2020-08-28,0.001725167355993307
2020-08-31,-0.017795071059028493
2020-09-01,0.002242004297880007
2020-09-02,0.018528162032554207
2020-09-03,-0.008494852782767794
2020-09-04,-0.017538882398189293
2020-09-07,0.0016951467495828067
2020-09-08,0.010770544714368507
2020-09-09,0.024519329253059108
2020-09-10,0.0673435458597983
2020-09-11,0.0015809492890896067
2020-09-14,-0.008343294227660893
2020-09-15,0.006153084766293707
2020-09-16,0.0015538758030596068
2020-09-17,-0.012061730324881594
2020-09-18,0.0021178138481773067
2020-09-21,-0.022758527394425593
2020-09-22,-0.02091517950451839
2020-09-23,0.007946364453139107
2020-09-24,-0.02338596920920289
2020-09-25,0.008453526064194106
2020-09-28,0.005685750663153407
2020-09-29,0.012010146062045106
2020-09-30,-0.005678311013146493
2020-10-01,-0.0049821716550573925
2020-10-05,-0.006782818662251193
2020-10-06,-0.001737666782746693
2020-10-07,0.02020609561146971
2020-10-08,-0.009018069834486893
2020-10-09,-0.0034944608407645934
2020-10-12,0.0007095044982666069
2020-10-13,0.01842343510554461
2020-10-14,0.002076118527572207
2020-10-15,-0.03695314666187159
2020-10-16,-0.014912111033103494
2020-10-19,-0.0007172400334428932
2020-10-20,-0.010272926808356793
2020-10-21,-0.015525793009785193
2020-10-22,-0.009243224769831793
2020-10-23,0.0019900346152289068
2020-10-26,-0.04144114597358159
2020-10-27,0.001756737743230207
2020-10-28,-0.012295269333158394
2020-10-29,0.006750696487166707
2020-10-30,0.012623958352633207
2020-11-02,-0.09101901951600679
2020-11-03,-0.015413671644391393
2020-11-04,0.03247435141172681
2020-11-05,0.020711938238550207
2020-11-06,0.03632572176483241
2020-11-09,0.009663230185281107
2020-11-10,0.015470763812007805
2020-11-11,-0.04370785103301339
2020-11-12,-0.009550441918836593
2020-11-13,0.007347695879311606
2020-11-14,0.002049988862832807
2020-11-17,-0.005431099793359994
2020-11-18,-0.003940780289589493
2020-11-19,-0.007996476540102894
2020-11-20,-0.03894157271207279
2020-11-23,0.025696652364354308
2020-11-24,0.005919332303402006
2020-11-25,-0.009209263932588994
2020-11-26,0.0015603106627776068
2020-11-27,-0.012646500835592794
2020-12-01,0.012021621235151006
2020-12-02,0.0007601991394014069
2020-12-03,0.002107477673290607
2020-12-04,-0.009748446627656794
2020-12-07,0.0049633939092118065
2020-12-08,0.01709053783505241
2020-12-09,0.015613927319085506
2020-12-10,-0.010792162485193693
2020-12-11,-0.0014991241291308932
2020-12-14,-0.008156334203671492
2020-12-15,-0.009449497727274594
2020-12-16,0.0002125872821467068
2020-12-17,0.003667303289571207
2020-12-18,0.002091024165729807
2020-12-21,-0.02728096445423939
2020-12-22,-0.002448850577533093
2020-12-23,0.002784128449610907
2020-12-24,0.024646351816275308
2020-12-28,0.0036769327842955065
2020-12-29,-0.007537184449240893
2020-12-30,0.0018338455080567067
2020-12-31,-0.006025568750524193
2021-01-01,0.00020651613688720677
2021-01-04,0.0007830753607417067
2021-01-05,-0.013410878737900594
2021-01-06,-0.027627039968965792
2021-01-07,-0.0025217751010328934
2021-01-08,0.010829130404658707
2021-01-11,-0.019930914725120992
2021-01-12,0.030131932453571007
2021-01-13,-0.010270205681875394
2021-01-14,0.010280326679006207
2021-01-15,-0.012778916169895493
2021-01-18,0.022816151949970408
2021-01-19,0.015322934995734306
2021-01-20,0.01791499150125981
2021-01-21,0.02062070680533781
2021-01-22,-0.024907893627052192
2021-01-25,-0.055342419803230895
2021-01-27,-0.02488550545877649
2021-01-28,-0.010684781591073193
2021-01-29,-0.019511288587350992
2021-02-01,0.027651382922455007
2021-02-02,0.015063228934931805
2021-02-03,0.0016143301364958066
2021-02-04,-0.004195475966809293
2021-02-05,-0.0011870278182239931
2021-02-08,0.013395269073159206
2021-02-09,0.0015045863279698067
2021-02-10,0.008334577567023906
2021-02-11,0.03950155594322871
2021-02-12,-0.007783690319471693
2021-02-15,-0.005319068063455393
2021-02-16,0.012246475192801606
2021-02-17,0.010565031561220807
2021-02-18,-0.008393436490575994
2021-02-19,0.005174169294960406
2021-02-22,-0.036224134693832795
2021-02-23,0.006713920143908907
2021-02-24,0.017486392060650408
2021-02-25,0.038744107663574306
2021-02-26,-0.02858502852549009
2021-03-01,0.006693080012062907
2021-03-02,0.0011427969796668066
2021-03-03,0.04372003597046071
2021-03-04,-0.012893163173645293
2021-03-05,0.0004079684480168069
2021-03-08,0.004774440430823507
2021-03-09,-0.0009240024614954614
2021-03-10,-0.005062869457939993
2021-03-12,-0.021436235381099993
2021-03-15,-0.014418321262916794
2021-03-16,-0.004844374095724493
2021-03-17,-0.02267802011319649
2021-03-18,-0.02366024435732689
2021-03-19,0.034740992428077606
2021-03-22,-0.010359594773248694
2021-03-23,0.011195905378154406
2021-03-24,-0.02034651352493729
2021-03-25,-0.02855975223970119
2021-03-26,0.0007045633221761068
2021-03-30,0.016321119268007406
2021-03-31,-0.013895800742716393
2021-04-01,0.008415854881587907
2021-04-05,-0.015473522261874694
2021-04-06,-0.005075147538090793
2021-04-07,0.008403846438069207
2021-04-08,0.0003464474947686069
2021-04-09,-0.012587896664059394
2021-04-12,-0.037327645697971895
2021-04-13,0.009846014757301506
2021-04-15,0.005548728589578007
2021-04-16,-0.007195476551641093
2021-04-19,-0.01676021687175759
2021-04-20,-0.0011903563859458931
2021-04-22,0.001856630347162807
2021-04-23,-0.001976824776230393
2021-04-26,0.016537195300023608
2021-04-27,0.024975942124228708
2021-04-28,0.003439225719875707
2021-04-29,0.012403145363355806
2021-04-30,-0.015608056670531693
2021-05-03,-0.01883477843061599
2021-05-04,-0.02280791908600849
2021-05-05,0.0009235599345806067
2021-05-06,0.0047596885593889065
2021-05-07,-0.0005126851512829932
2021-05-10,-0.003778200113325593
2021-05-11,0.002700643137794407
2021-05-12,-0.011300839321712894
2021-05-14,0.011643211975409806
2021-05-17,0.010926691870208506
2021-05-18,0.013079909677820306
2021-05-19,0.0036660370537146066
2021-05-20,-0.006751641219020494
2021-05-21,0.007699960391872207
2021-05-24,-0.009376118377669993
2021-05-25,-0.012297023412219993
2021-05-26,0.002607555947390507
2021-05-27,0.0021653545394543067
2021-05-28,0.057431821979536106
2021-05-31,0.02988794901746851
2021-06-01,0.0030719653484093065
2021-06-02,0.013904184491783607
2021-06-03,0.002907801618645507
2021-06-04,-0.009605287327201693
2021-06-07,0.01580402500819821
2021-06-08,-0.006664125353762693
2021-06-09,-0.018944155060631292
2021-06-10,0.002770378172314607
2021-06-11,0.01629591295513221
2021-06-14,0.013343133339910407
2021-06-15,0.001368268367430607
2021-06-16,-0.018115137592508893
2021-06-17,0.0009285276745528068
2021-06-18,0.0036022781297980065
2021-06-21,0.0042972168761553076
2021-06-22,-0.006054429113480593
2021-06-23,-0.010108657820186594
2021-06-24,-0.02469286027608589
2021-06-25,-0.023941385050075193
2021-06-28,-0.009706742009044894
2021-06-29,-3.8493004920593134e-05
2021-06-30,0.009984060032474207
2021-07-01,-0.006936276783778693
2021-07-02,0.013814108657385206
2021-07-05,0.008983995775946607
2021-07-06,-0.012784213261356994
2021-07-07,-0.007867060624755994
2021-07-08,-0.009205466598297494
2021-07-09,-0.011180110131165094
2021-07-12,0.005307904325076206
2021-07-13,0.006556426954078806
2021-07-14,-0.0074471874558081925
2021-07-15,-0.0026522901216665933
2021-07-16,0.013426571903971106
2021-07-19,-0.007288507950203693
2021-07-20,-0.003357660168375393
2021-07-22,0.011864583217157207
2021-07-23,-0.007999311274525193
2021-07-26,-0.014696634378775194
2021-07-27,-0.011477505203290994
2021-07-28,-0.009526977485355094
2021-07-29,0.006872987975294807
2021-07-30,-0.009681651562458694
2021-08-02,0.01721135900224791
2021-08-03,0.006430201405348206
2021-08-04,0.006733594610650907
2021-08-05,0.013492806026437706
2021-08-06,-0.02230695345957219
2021-08-09,-0.006613712988016893
2021-08-10,0.004332790292909007
2021-08-11,0.013010157548301806
2021-08-12,-0.004117867673045393
2021-08-13,0.015616604080592107
2021-08-16,0.011995243844656106
2021-08-17,-0.005165979448687394
2021-08-18,0.002972818582801207
2021-08-20,-0.012195090618325494
2021-08-23,0.0056409893569070065
2021-08-24,0.008924037048487207
2021-08-25,0.0077167732461020065
2021-08-26,0.011663885989871106
2021-08-27,-0.002269429139006193
2021-08-30,0.01815387522832511
2021-08-31,-0.006245060578767694
2021-09-01,0.003054591066599607
2021-09-02,0.011068908711269506
2021-09-03,0.03929317283936291
2021-09-06,0.014512478607569306
2021-09-07,0.0053866476616385075
2021-09-08,-0.0048211660832411934
2021-09-09,-0.003268559607177793
2021-09-13,-0.023436173545574594
2021-09-14,-0.002209142334562493
2021-09-15,0.0032491349633775066
2021-09-16,0.01986324853738961
2021-09-17,-0.016527823714740892
2021-09-20,0.0006872659105948069
2021-09-21,0.0034124242441259064
2021-09-22,0.009770878190035706
2021-09-23,0.023244411069157308
2021-09-24,-0.003796929660370393
2021-09-27,0.015775472260092807
2021-09-28,0.008404221243057106
2021-09-29,-0.008860283272796693
2021-09-30,-0.004309018153999393
2021-10-01,0.0008639006994632069
2021-10-04,0.011875112618505306
2021-10-05,0.01964034554446741
2021-10-06,-0.019995807675560893
2021-10-07,0.003989562539165107
2021-10-08,0.03680605562833951
2021-10-11,-0.007888441193443892
2021-10-12,0.004794097774339107
2021-10-13,0.009224412759528306
2021-10-14,0.0011191684605379067
2021-10-18,0.0017618263937836066
2021-10-19,0.008015388287882907
2021-10-20,-0.012480292710447094
2021-10-21,-0.03017287590696599
2021-10-22,0.0009657232209629068
2021-10-25,-0.010692180663892494
2021-10-26,0.02161614910179911
2021-10-27,-0.013627046466686993
2021-10-28,-0.011922972272645794
2021-10-29,-0.025187038468556192
2021-11-01,-0.0002902392600737932
2021-11-02,-0.015587806119714194
2021-11-03,-0.007802770729452593
2021-11-04,0.005220615183842807
2021-11-08,0.00033876272529100677
2021-11-09,0.006961790752399907
2021-11-10,0.010219699667017707
2021-11-11,0.0009211578823497069
2021-11-12,0.014076906550704807
2021-11-15,-0.0068187630053557925
2021-11-16,-0.02441215116772799
2021-11-17,-0.02254030799487789
2021-11-18,0.0028661804665687067
2021-11-22,-0.046204859494063895
2021-11-23,0.008404994357076206
2021-11-24,-0.015445365006709894
2021-11-25,0.05755473892134231
2021-11-26,-0.03366284775072089
2021-11-29,0.011006734116102106
2021-11-30,-0.01579772537348049
2021-12-01,0.024385884311803708
2021-12-02,0.0055032062679511076
2021-12-03,-0.03140784142507339
2021-12-06,-0.020038719975609392
2021-12-07,0.007213811274204306
2021-12-08,0.014203655037242306
2021-12-09,0.014834079719791107
2021-12-10,0.00011611472088000679
2021-12-13,-0.02115386861759209
2021-12-14,-0.013219132792064794
2021-12-15,-0.003825187058888393
2021-12-16,0.011951915834440007
2021-12-17,-0.02765008806190669
2021-12-20,-0.028231802500731592
2021-12-21,0.013875010686080007
2021-12-22,0.022553490399960806
2021-12-23,-0.0012602929863563931
2021-12-24,0.002286019692965107
2021-12-27,-0.001976394553616493
2021-12-28,0.010905504910353607
2021-12-29,0.0008070343014327068
2021-12-30,-0.019130843504394892
2021-12-31,0.0029280133756922067
2022-01-03,0.014061389595497806
2022-01-04,0.02141609043133641
2022-01-05,0.003766390318777807
2022-01-06,-0.022636892968085593
2022-01-07,0.007135952388463006
2022-01-10,-8.022554219089316e-05
2022-01-11,0.0062717228223084075
2022-01-12,0.025443422400851207
2022-01-13,0.004715642830481207
2022-01-14,0.0005572405361204068
2022-01-17,0.0043041184523246075
2022-01-18,-0.012903298537286194
2022-01-19,-0.000980498047207319
2022-01-20,-0.018564701985154093
2022-01-21,-0.0007396891962319932
2022-01-24,-0.042074475833737295
2022-01-25,-0.0028584833187004933
2022-01-27,-0.01582269678048579
2022-01-28,-0.0018639490718550932
2022-01-31,0.020592938740882808
2022-02-01,-0.004216673949197393
2022-02-02,0.001135920146333807
2022-02-03,-0.013907173541420093
2022-02-04,-0.010059947673796393
2022-02-07,-0.007010569397166993
2022-02-08,0.01576900045124221
2022-02-09,0.010682512198270407
2022-02-10,-0.0019294240505960932
2022-02-11,-0.0028557783919760933
2022-02-14,-0.016956648291769193
2022-02-15,0.03248794232194271
2022-02-16,-0.002971001721196193
2022-02-17,0.011680031279032707
2022-02-18,-0.008748232970846894
2022-02-21,-0.011058057542443094
2022-02-22,-0.005453194393291894
2022-02-23,-0.007178480120652293
2022-02-24,-0.052015830202775795
2022-02-25,0.011522822788486306
2022-02-28,0.03166339806970771
2022-03-02,0.015492453760558805
2022-03-03,-0.009379351217602593
2022-03-04,-0.023330466480097792
2022-03-07,-0.03858259226268419
2022-03-08,-0.002711037244391293
2022-03-09,0.05079236310995481
2022-03-10,0.015174884153055507
2022-03-11,0.001979196437090007
2022-03-14,0.007276583280641506
2022-03-15,-0.024070696924076693
2022-03-16,0.015840088731497406
2022-03-17,0.03117925487355401
2022-03-21,-0.006679907757924992
2022-03-22,0.024607809718054707
2022-03-23,0.002274189741578607
2022-03-24,0.014515989676879306
2022-03-25,0.005746954113151306
2022-03-28,0.009103308006379006
2022-03-29,-0.0006721611817167932
2022-03-30,0.018134686705357207
2022-03-31,-0.015295768118233993
2022-04-01,0.0070755925262408065
2022-04-04,0.002050398897477207
2022-04-05,-0.015136463836423593
2022-04-06,-0.0035700616888138933
2022-04-07,-0.018698595002123692
2022-04-08,0.015597453331370208
2022-04-11,-0.002986745129041993
2022-04-12,-0.01991058393047939
2022-04-13,-0.004578241345455193
2022-04-18,-0.003962534838072093
2022-04-19,0.03650208334442951
2022-04-20,0.02807902509059341
2022-04-21,0.022243270659540407
2022-04-22,-0.009311282174241594
2022-04-25,-0.024298637798229293
2022-04-26,0.02858567160681411
2022-04-27,7.132956076620677e-05
2022-04-28,0.013925388548145007
2022-04-29,-0.011453446163250794
2022-05-02,-0.004419525630272193
2022-05-04,-0.03261671983987479
2022-05-05,-0.02067836595962729
2022-05-06,-0.008598412131219993
2022-05-09,-0.040739294192324194
2022-05-10,-0.01838617166306029
2022-05-11,-0.011197830180608893
2022-05-12,-0.021484348219746492
2022-05-13,0.010371160304365306
2022-05-16,-0.0006536284635806932
2022-05-17,0.04024387723962591
2022-05-18,0.002729894259570707
2022-05-19,-0.024217181023114893
2022-05-20,0.05577219854393601
2022-05-23,-0.007610611291106293
2022-05-24,0.002526316013986907
2022-05-25,-0.0023738336838290933
2022-05-26,-0.010479605445215893
2022-05-27,-0.005550370491962893
2022-05-30,0.033339612155468205
2022-05-31,-0.013039010368651793
2022-06-01,-0.0005781422770772932
2022-06-02,0.03299660359559181
2022-06-03,0.019158543462876307
2022-06-06,-0.005209616582624792
2022-06-07,0.0009760532910200069
2022-06-08,-0.018620769961572192
2022-06-09,0.02615210329966801
2022-06-10,-0.03155821720639639
2022-06-13,-0.02000104353953349
2022-06-14,-0.014055674518142594
2022-06-15,-0.013074908645449194
2022-06-16,-0.014980941571721494
2022-06-17,0.010749512714081406
2022-06-20,-0.019194736014660492
2022-06-21,0.015112301197323206
2022-06-22,-0.03175013357601399
2022-06-23,-0.017257816149429693
2022-06-24,0.013238204266398606
2022-06-27,-0.003865335217450493
2022-06-28,0.013062219153791507
2022-06-29,0.01963679760379911
2022-06-30,0.005088444835684406
2022-07-01,-0.0756507664888515
2022-07-04,0.0011724871806268067
2022-07-05,0.007166077742618206
2022-07-06,-0.009734904269608494
2022-07-07,-0.010796916054473193
2022-07-08,0.00047980296301720687
2022-07-11,0.012597774693478506
2022-07-12,-0.002325284934452893
2022-07-13,-0.018784069710155993
2022-07-14,0.007309051912085406
2022-07-15,0.0010369340663815068
2022-07-18,0.007577430326651006
2022-07-19,0.005210947689205107
2022-07-20,0.025780120786763706
2022-07-21,-0.007595424403880294
2022-07-22,0.005833350882054807
2022-07-25,-0.03449830266998969
2022-07-26,-0.00044657073611109317
2022-07-27,-0.0018512847031892932
2022-07-28,0.014643785125251307
2022-07-29,0.02018084603869571
2022-08-01,0.02482666993759241
2022-08-02,0.0028977863993063066
2022-08-03,0.007459559077086607
2022-08-04,-0.014206882111866893
2022-08-05,-0.015746904467333993
2022-08-08,0.012096201339490407
2022-08-10,0.005060719601193007
2022-08-11,0.002423532988457107
2022-08-12,0.015140305988308006
2022-08-16,0.006025230936169806
2022-08-17,0.004309199086883007
2022-08-18,0.0009108580122364068
2022-08-19,-0.018891521798255293
2022-08-22,-0.003678643224903493
2022-08-23,0.014403674124507807
2022-08-24,-0.0035681407320149934
2022-08-25,-0.0038222236253613933
2022-08-26,-0.006253402748185094
2022-08-29,-0.008704475181326193
2022-08-30,0.014493812914527407
2022-09-01,-0.03073967777605889
2022-09-02,-0.012647543262837693
2022-09-05,0.014510233421827107
2022-09-06,0.009569892313686707
2022-09-07,-0.006732707481862893
2022-09-08,0.0005117853064841068
2022-09-09,-0.0071476805219630925
2022-09-12,0.010226537179455706
2022-09-13,0.007416830689248907
2022-09-14,-0.012959406743550393
2022-09-15,-0.010860111534355194
2022-09-16,-0.02599185161115439
2022-09-19,0.0003984634717343067
2022-09-20,-0.0007411791886663932
2022-09-21,0.0018522108074953067
2022-09-22,-0.010369059492456194
2022-09-23,-0.019823109793862592
2022-09-26,-0.026707770825466593
2022-09-27,0.007017587365143307
2022-09-28,-0.02788673567715089
2022-09-29,-0.003971147304654693
2022-09-30,0.021404449081047307
2022-10-03,-0.004376628132600794
2022-10-04,0.017373521798622907
2022-10-06,0.0027801706405749067
2022-10-07,0.003322118355092507
2022-10-10,-0.011876413978361894
2022-10-11,-0.021012255791427892
2022-10-12,0.0064303434588452064
2022-10-13,0.0022725307445180067
2022-10-14,-0.005991976984944393
2022-10-17,0.015021582947766307
2022-10-18,0.016589147510329808
2022-10-19,0.016348646994272006
2022-10-20,0.0017819850378576066
2022-10-21,-0.012566123698493794
2022-10-24,0.002431348744853807
2022-10-25,-0.016465967535186393
2022-10-27,0.0030230448165617066
2022-10-28,0.02923823700144181
2022-10-31,0.008339043276602906
2022-11-01,-0.008677444670176794
2022-11-02,0.005324876183898507
2022-11-03,0.002823843243818907
2022-11-04,0.013707265035753306
2022-11-07,0.0044264993272892066
2022-11-09,-0.0018989904934283931
2022-11-10,-0.013071557857533594
2022-11-11,0.02188896257373401
2022-11-14,-0.005757579488907594
2022-11-15,-0.005397321938924794
2022-11-16,-0.0066514980980443925
2022-11-17,0.0016801203938009066
2022-11-18,-0.0014397812818565932
2022-11-21,-0.019062056195511292
2022-11-22,0.004630746627349707
2022-11-23,-0.004024751285362193
2022-11-24,0.007685263262357007
2022-11-25,0.013916301138722706
2022-11-28,0.03288528904848931
2022-11-29,0.0008147990053028068
2022-11-30,0.006134880153222506
2022-12-01,-0.003852644065123193
2022-12-02,-0.0013233416866196932
2022-12-05,-0.015592387519189094
2022-12-06,0.001983853013121407
2022-12-07,-0.01576827312176299
2022-12-08,-0.0013726933816409932
2022-12-09,-0.01617219554001269
2022-12-12,0.0006308463537648067
2022-12-13,0.003642666762330707
2022-12-14,-0.004526597796324693
2022-12-15,-0.015206867152926394
2022-12-16,-0.005858300034612194
2022-12-19,0.012148865618433506
2022-12-20,0.007717956211332606
2022-12-21,-0.015230081250184293
2022-12-22,-0.003496722281042293
2022-12-23,-0.030666969126845592
2022-12-26,0.007793201912922206
2022-12-27,0.007246968346421006
2022-12-28,-0.0009991791335900182
2022-12-29,-0.0013530330177218932
2022-12-30,0.0006310806810948069
2023-01-02,0.010303339062954006
2023-01-03,-0.008245779741084694
2023-01-04,-0.016071896828671092
2023-01-05,-0.0026894418290233932
2023-01-06,0.008146910271045906
2023-01-09,0.022436001569056608
2023-01-10,-0.015798941354984393
2023-01-11,-0.013586605400575994
2023-01-12,-0.02273179307563839
2023-01-13,-0.0025206698082120933
2023-01-16,-0.010470078984871794
2023-01-17,0.013196715875455406
2023-01-18,-0.0025565895669492932
2023-01-19,-0.001972437346636593
2023-01-20,-0.012865294737457294
2023-01-23,-0.005969801129028392
2023-01-24,-0.006823087157804393
2023-01-25,-0.014822343839618694
2023-01-27,-0.02005446462439589
2023-01-30,0.008636902938892506
2023-01-31,-0.0034045623620197933
2023-02-01,-0.006845037882063993
2023-02-02,-0.006450812409487293
2023-02-03,-2.0572619758093213e-05
2023-02-06,-0.008464945365028093
2023-02-07,-0.0033049000503266933
2023-02-08,0.01887262974364911
2023-02-09,0.0008407538436462068
2023-02-10,-0.009169275646979894
2023-02-13,-0.006609201623048193
2023-02-14,0.022390802045164106
2023-02-15,0.021490355963456807
2023-02-16,-0.0016825668154698931
2023-02-17,0.0032671280147517066
2023-02-20,-0.011530087351091293
2023-02-21,0.0072251855279040055
2023-02-22,-0.02384001566412679
2023-02-23,-0.005704713409405093
2023-02-24,0.005918460221240807
2023-02-27,-0.007572559939528293
2023-02-28,-0.020217699345182392
2023-03-01,0.008249474974680107
2023-03-02,-0.008545659158344593
2023-03-03,0.024294196475936107
2023-03-06,0.008819315005949107
2023-03-08,0.002683721590605107
2023-03-09,-0.025229046822168793
2023-03-10,-0.016514595475753093
2023-03-13,-0.017484088229238692
2023-03-14,-0.004650689141067593
2023-03-15,-0.018140631762834793
2023-03-16,-0.0058976997741906935
2023-03-17,-0.002159683501959793
2023-03-20,-0.010778238546742593
2023-03-21,0.029721078331468608
2023-03-22,0.0021346024319076067
2023-03-23,-0.013632159487091393
2023-03-24,-0.020896857270385892
2023-03-27,0.014524315863457706
2023-03-28,0.003758444335686707
2023-03-29,-0.006834972756667694
2023-03-31,0.04131074270650431
2023-04-03,-0.0007294268217449932
2023-04-05,-0.003305868453304093
2023-04-06,0.0057836828870517065
2023-04-10,-0.008015821369445694
2023-04-11,0.004033377768793606
2023-04-12,0.003497974428631307
2023-04-13,0.0028630273655671067
2023-04-17,0.004159442418491506
2023-04-18,-0.012413880670838994
2023-04-19,0.004064560985130706
2023-04-20,-0.003434250374024993
2023-04-21,0.00035574447481400676
2023-04-24,0.002923117789134807
2023-04-25,0.006724600160797506
2023-04-26,-0.006789337448715594
2023-04-27,0.0054081061599226075
2023-04-28,0.01721282470774091
2023-05-02,0.007553096544289506
2023-05-03,-0.009520434112868594
2023-05-04,0.010561432732688706
2023-05-05,-0.0034573268006079932
2023-05-08,0.011371004451277006
2023-05-09,0.002188970250249207
2023-05-10,0.005951846370226707
2023-05-11,-0.007451331354920994
2023-05-12,0.0007303517813611069
2023-05-15,0.0010693635237827067
2023-05-16,-0.015244476427369594
2023-05-17,-0.006827811457808893
2023-05-18,-0.003055491606840393
2023-05-19,0.002339118296285607
2023-05-22,0.004428939270309306
2023-05-23,-0.0010844697546437932
2023-05-24,-0.006743916142495393
2023-05-25,-0.0010238746853294932
2023-05-26,0.026008811815476107
2023-05-29,0.0047085157041085075
2023-05-30,-0.0011589605621740932
2023-05-31,-0.020962422883607192
2023-06-01,-0.0035971308255895932
2023-06-02,-0.004174424320147793
2023-06-05,0.008039864558325406
2023-06-06,-5.358488241409315e-05
2023-06-07,0.0066530173582720065
2023-06-08,-0.00030080795908309316
2023-06-09,-0.008007176365279893
2023-06-12,-1.5036585985393194e-05
2023-06-13,0.013764564246844807
2023-06-14,0.011321389835696607
2023-06-15,-0.0006268297463219931
2023-06-16,0.008787403102587507
2023-06-19,-0.010883247194749793
2023-06-20,0.0011737866747906067
2023-06-21,0.001910783555685607
2023-06-22,-0.012195804511267594
2023-06-23,-0.009118474575243094
2023-06-26,-0.008565199319185092
2023-06-27,-0.0005404124999063932
2023-06-28,0.012250857090466806
2023-06-30,0.007268699721923606
2023-07-03,0.02443931246886591
2023-07-04,-0.011257560972134194
2023-07-05,-0.0025441574216182932
2023-07-06,0.01987218714040831
2023-07-07,-0.002854610179626993
2023-07-10,0.036896912940905406
2023-07-11,0.009881412230167206
2023-07-12,0.00020157505520480672
2023-07-13,-0.009883568644341693
2023-07-14,-0.0017398634190808932
2023-07-17,0.019325883933967006
2023-07-18,0.007555081331253606
2023-07-19,0.006657976628626407
2023-07-20,-0.002112964199579193
2023-07-21,-0.03234613114160119
2023-07-24,-0.021335031742880893
2023-07-25,-0.0015443209723837933
2023-07-26,0.015220492873768606
2023-07-27,-0.010247028789393693
2023-07-28,0.009098003414551907
2023-07-31,0.007529021458997906
2023-08-01,-0.015143384907537093
2023-08-02,-0.011642065273712894
2023-08-03,-0.005112815110894793
2023-08-04,0.012598446433664706
2023-08-07,0.004781052638428106
2023-08-08,-0.006941952982635393
2023-08-09,0.005674688985053708
2023-08-10,0.0035440319202394064
2023-08-11,0.0033085898702792066
2023-08-14,0.010846827491230006
2023-08-16,-0.0017161468325736931
2023-08-17,-0.015432370829505493
2023-08-18,0.006479083433213706
2023-08-21,-0.011872443743573794
2023-08-22,-0.0011391941308618932
2023-08-23,0.00020977771615520672
2023-08-24,-0.01785460820670169
2023-08-25,-0.0055289638054602935
2023-08-28,-0.010917262249084793
2023-08-29,-0.010522591407251994
2023-08-30,-0.001851795790903693
2023-08-31,-0.005481372449029492
2023-09-01,0.001443505985697707
2023-09-04,-0.001709540007437893
2023-09-05,0.004435932561824906
2023-09-06,0.0012010582052885068
2023-09-07,0.00045675363407300684
2023-09-08,0.005738102567574807
2023-09-11,0.009824687241412106
2023-09-12,-0.015453059691126694
2023-09-13,0.004088754675354406
2023-09-14,1.6497815811106794e-05
2023-09-15,0.0009520137187707068
2023-09-18,-0.009646008250950194
2023-09-20,-0.023439778220057092
2023-09-21,-0.008210862672101794
2023-09-22,-0.005074963129406994
2023-09-25,-0.007077340325478694
2023-09-26,-2.5625831549293222e-05
2023-09-27,0.010305959485744707
2023-09-28,-0.015700304394919793
2023-09-29,0.003758063155288307
2023-10-03,-0.012417123459883394
2023-10-04,-0.002627963983226093
2023-10-05,-0.0009226010617347804
2023-10-06,0.0007828721491466067
2023-10-09,-0.009457844503011794
2023-10-10,0.0035056595954427072
2023-10-11,0.014851109956316106
2023-10-12,0.0009521541971516069
2023-10-13,-0.0009434244528963866
2023-10-16,-0.0031383386724126933
2023-10-17,0.003865634501106907
2023-10-18,-0.014258005182885194
2023-10-19,-0.008611458005799693
2023-10-20,-0.0039626829721281925
2023-10-23,-0.016639021680362992
2023-10-25,-0.0032235528501729934
2023-10-26,-0.014927419228464594
2023-10-27,0.01659601171014991
2023-10-30,0.019500178170135208
2023-10-31,-0.011595818799707894
2023-11-01,0.003242644701475407
2023-11-02,0.008974349916068707
2023-11-03,-0.001116552859342893
2023-11-06,0.007384595368296807
2023-11-07,-0.007420760465243493
2023-11-08,0.004292403997648006
2023-11-09,-0.011812613874716394
2023-11-10,0.0009797990151011067
2023-11-13,-0.0010305476250351932
2023-11-15,0.01701831763593811
2023-11-16,0.0009008993466687069
2023-11-17,-0.0030849218023973933
2023-11-20,-0.003536512784052093
2023-11-21,0.011598316160288306
2023-11-22,0.003000832677233807
2023-11-23,0.0021509951252801068
2023-11-24,-0.0015692246486365931
2023-11-28,-0.0006921788078876932
2023-11-29,0.0017266364578389067
2023-11-30,-0.010632869779901693
2023-12-01,0.006161450975452006
2023-12-04,0.009858143307861807
2023-12-05,0.006324310404745508
2023-12-06,0.008632004526364406
2023-12-07,-0.0025479949200981934
2023-12-08,-0.0014302879698657933
2023-12-11,0.0005638214474234069
2023-12-12,-0.015358367884933194
2023-12-13,0.0031745818454024066
2023-12-14,0.011430506040756506
2023-12-15,0.011781357696318707
2023-12-18,0.009225340200012706
2023-12-19,0.013708109014599306
2023-12-20,-0.013073655230797093
2023-12-21,0.013009733043872807
2023-12-22,7.401563211110681e-05
2023-12-26,0.004154322373976907
2023-12-27,0.002506596335432807
2023-12-28,0.0063017975770910065
2023-12-29,-0.008838582347121593
