date,signal,executed,price,shares,cash,portfolio_value
2024-01-01,BUY,True,1290.2750244140625,77.50285645140796,0.0,100000.0
2024-01-02,HOLD,False,1292.5,77.50285645140796,0.0,100172.4419634448
2024-01-03,HOLD,False,1305.0,77.50285645140796,0.0,101141.2276690874
2024-01-04,HOLD,False,1294.0,77.50285645140796,0.0,100288.69624812191
2024-01-05,HOLD,False,1301.449951171875,77.50285645140796,0.0,100866.08874436573
2024-01-08,HOLD,False,1305.0,77.50285645140796,0.0,101141.2276690874
2024-01-09,HOLD,False,1300.0,77.50285645140796,0.0,100753.71338683035
2024-01-10,HOLD,False,1288.5,77.50285645140796,0.0,99862.43053763916
2024-01-11,HOLD,False,1329.5,77.50285645140796,0.0,103040.0476521469
2024-01-12,HOLD,False,1359.9000244140625,77.50285645140796,0.0,105396.13638042928
2024-01-15,HOLD,False,1375.0,77.50285645140796,0.0,106566.42762068595
2024-01-16,HOLD,False,1389.9749755859375,77.50285645140796,0.0,107727.03100388621
2024-01-17,HOLD,False,1359.5,77.50285645140796,0.0,105365.13334568913
2024-01-18,HOLD,False,1351.4000244140625,77.50285645140796,0.0,104737.3621005923
2024-01-19,HOLD,False,1376.0,77.50285645140796,0.0,106643.93047713736
2024-01-23,HOLD,False,1371.75,77.50285645140796,0.0,106314.54333721887
2024-01-24,HOLD,False,1335.2249755859375,77.50285645140796,0.0,103483.74961317162
2024-01-25,HOLD,False,1342.949951171875,77.50285645140796,0.0,104082.45728709917
2024-01-29,HOLD,False,1364.5,77.50285645140796,0.0,105752.64762794616
2024-01-30,HOLD,False,1459.949951171875,77.50285645140796,0.0,113150.2914919139
2024-01-31,HOLD,False,1404.0,77.50285645140796,0.0,108814.01045777678
2024-02-01,HOLD,False,1435.0,77.50285645140796,0.0,111216.59900777043
2024-02-02,HOLD,False,1433.175048828125,77.50285645140796,0.0,111075.16007906577
2024-02-05,HOLD,False,1460.75,77.50285645140796,0.0,113212.29756139418
2024-02-06,HOLD,False,1441.8499755859375,77.50285645140796,0.0,111747.49168230299
2024-02-07,HOLD,False,1435.925048828125,77.50285645140796,0.0,111288.29293430714
2024-02-08,HOLD,False,1450.0,77.50285645140796,0.0,112379.14185454155
2024-02-09,HOLD,False,1454.0,77.50285645140796,0.0,112689.15328034718
2024-02-12,HOLD,False,1460.75,77.50285645140796,0.0,113212.29756139418
2024-02-13,HOLD,False,1455.5,77.50285645140796,0.0,112805.40756502429
2024-02-14,HOLD,False,1457.5,77.50285645140796,0.0,112960.4132779271
2024-02-15,HOLD,False,1483.3499755859375,77.50285645140796,0.0,114963.86022503642
2024-02-16,HOLD,False,1476.4749755859375,77.50285645140796,0.0,114431.02808693299
2024-02-19,HOLD,False,1462.050048828125,77.50285645140796,0.0,113313.05505910018
2024-02-20,HOLD,False,1475.0250244140625,77.50285645140796,0.0,114318.65272939761
2024-02-21,HOLD,False,1474.0,77.50285645140796,0.0,114239.21040937534
2024-02-22,HOLD,False,1468.1500244140625,77.50285645140796,0.0,113785.82059129418
2024-02-23,HOLD,False,1489.5,77.50285645140796,0.0,115440.50468437216
2024-02-26,HOLD,False,1493.550048828125,77.50285645140796,0.0,115754.39503731953
2024-02-27,HOLD,False,1483.0250244140625,77.50285645140796,0.0,114938.67558100888
2024-02-28,HOLD,False,1483.0,77.50285645140796,0.0,114936.736117438
2024-02-29,HOLD,False,1465.0,77.50285645140796,0.0,113541.68470131267
2024-03-01,HOLD,False,1463.5,77.50285645140796,0.0,113425.43041663556
2024-03-04,HOLD,False,1490.4749755859375,77.50285645140796,0.0,115516.06807725271
2024-03-05,HOLD,False,1505.7750244140625,77.50285645140796,0.0,116701.86556527841
2024-03-06,HOLD,False,1493.449951171875,77.50285645140796,0.0,115746.63718303606
2024-03-07,HOLD,False,1502.9749755859375,77.50285645140796,0.0,116484.8537828953
2024-03-11,HOLD,False,1489.0,77.50285645140796,0.0,115401.75325614646
2024-03-12,HOLD,False,1466.5999755859375,77.50285645140796,0.0,113665.68737947533
2024-03-13,HOLD,False,1479.7750244140625,77.50285645140796,0.0,114686.7912975418
2024-03-14,HOLD,False,1439.699951171875,77.50285645140796,0.0,111580.85864877289
2024-03-15,HOLD,False,1425.949951171875,77.50285645140796,0.0,110515.19437256602
2024-03-18,HOLD,False,1420.0,77.50285645140796,0.0,110054.05616099932
2024-03-19,HOLD,False,1428.75,77.50285645140796,0.0,110732.20615494913
2024-03-20,HOLD,False,1427.949951171875,77.50285645140796,0.0,110670.20008546884
2024-03-21,HOLD,False,1452.5250244140625,77.50285645140796,0.0,112574.83845924094
2024-03-22,HOLD,False,1449.9749755859375,77.50285645140796,0.0,112377.20239097068
2024-03-26,HOLD,False,1445.0,77.50285645140796,0.0,111991.6275722845
2024-03-27,HOLD,False,1448.0,77.50285645140796,0.0,112224.13614163874
2024-03-28,HOLD,False,1492.875,77.50285645140796,0.0,115702.07682489566
2024-04-01,HOLD,False,1492.4749755859375,77.50285645140796,0.0,115671.07379015553
2024-04-02,HOLD,False,1484.0,77.50285645140796,0.0,115014.23897388941
2024-04-03,HOLD,False,1482.074951171875,77.50285645140796,0.0,114865.0421909013
2024-04-04,HOLD,False,1479.75,77.50285645140796,0.0,114684.85183397094
2024-04-05,HOLD,False,1460.875,77.50285645140796,0.0,113221.98541845061
2024-04-08,HOLD,False,1462.9749755859375,77.50285645140796,0.0,113384.73952483898
2024-04-09,HOLD,False,1489.0,77.50285645140796,0.0,115401.75325614646
2024-04-10,HOLD,False,1466.3499755859375,77.50285645140796,0.0,113646.31166536249
2024-04-12,HOLD,False,1475.875,77.50285645140796,0.0,114384.52826522173
2024-04-15,HOLD,False,1461.0,77.50285645140796,0.0,113231.67327550704
2024-04-16,HOLD,False,1453.3499755859375,77.50285645140796,0.0,112638.77453149419
2024-04-18,HOLD,False,1463.5,77.50285645140796,0.0,113425.43041663556
2024-04-19,HOLD,False,1456.7750244140625,77.50285645140796,0.0,112904.22559915941
2024-04-22,HOLD,False,1472.449951171875,77.50285645140796,0.0,114119.0771975565
2024-04-23,HOLD,False,1479.0,77.50285645140796,0.0,114626.72469163238
2024-04-24,HOLD,False,1463.5,77.50285645140796,0.0,113425.43041663556
2024-04-25,HOLD,False,1442.5,77.50285645140796,0.0,111797.87043115598
2024-04-26,HOLD,False,1463.949951171875,77.50285645140796,0.0,113460.30291771953
2024-04-29,HOLD,False,1450.0,77.50285645140796,0.0,112379.14185454155
2024-04-30,HOLD,False,1468.0,77.50285645140796,0.0,113774.19327066689
2024-05-02,HOLD,False,1472.0,77.50285645140796,0.0,114084.20469647253
2024-05-03,HOLD,False,1471.0,77.50285645140796,0.0,114006.70184002111
2024-05-06,HOLD,False,1435.5,77.50285645140796,0.0,111255.35043599614
2024-05-07,HOLD,False,1415.9749755859375,77.50285645140796,0.0,109742.10527162282
2024-05-08,HOLD,False,1397.5,77.50285645140796,0.0,108310.24189084263
2024-05-09,HOLD,False,1413.0,77.50285645140796,0.0,109511.53616583945
2024-05-10,HOLD,False,1396.75,77.50285645140796,0.0,108252.11474850407
2024-05-13,HOLD,False,1399.9000244140625,77.50285645140796,0.0,108496.2506384856
2024-05-14,HOLD,False,1400.9749755859375,77.50285645140796,0.0,108579.5624248517
2024-05-15,HOLD,False,1420.5,77.50285645140796,0.0,110092.80758922502
2024-05-16,HOLD,False,1418.550048828125,77.50285645140796,0.0,109941.68080346393
2024-05-17,HOLD,False,1423.050048828125,77.50285645140796,0.0,110290.44365749527
2024-05-21,HOLD,False,1425.5999755859375,77.50285645140796,0.0,110488.07026496761
2024-05-22,HOLD,False,1436.2750244140625,77.50285645140796,0.0,111315.41704190556
2024-05-23,HOLD,False,1458.550048828125,77.50285645140796,0.0,113041.79506152024
2024-05-24,HOLD,False,1483.625,77.50285645140796,0.0,114985.17540272014
2024-05-27,HOLD,False,1480.2249755859375,77.50285645140796,0.0,114721.66379862577
2024-05-28,HOLD,False,1468.0,77.50285645140796,0.0,113774.19327066689
2024-05-29,HOLD,False,1446.5,77.50285645140796,0.0,112107.88185696163
2024-05-30,HOLD,False,1435.5,77.50285645140796,0.0,111255.35043599614
2024-05-31,HOLD,False,1431.300048828125,77.50285645140796,0.0,110929.84222321938
2024-06-03,HOLD,False,1483.0,77.50285645140796,0.0,114936.736117438
2024-06-04,HOLD,False,1498.050048828125,77.50285645140796,0.0,116103.15789135087
2024-06-05,HOLD,False,1422.0,77.50285645140796,0.0,110209.06187390213
2024-06-06,HOLD,False,1435.0,77.50285645140796,0.0,111216.59900777043
2024-06-07,HOLD,False,1428.5,77.50285645140796,0.0,110712.83044083627
2024-06-10,HOLD,False,1469.949951171875,77.50285645140796,0.0,113925.32005642797
2024-06-11,HOLD,False,1469.0,77.50285645140796,0.0,113851.6961271183
2024-06-12,HOLD,False,1457.5,77.50285645140796,0.0,112960.4132779271
2024-06-13,HOLD,False,1472.0,77.50285645140796,0.0,114084.20469647253
2024-06-14,HOLD,False,1470.0,77.50285645140796,0.0,113929.1989835697
2024-06-18,HOLD,False,1487.3499755859375,77.50285645140796,0.0,115273.87165084206
2024-06-19,HOLD,False,1487.5,77.50285645140796,0.0,115285.49897146935
2024-06-20,HOLD,False,1459.0,77.50285645140796,0.0,113076.66756260423
2024-06-21,HOLD,False,1473.625,77.50285645140796,0.0,114210.14683820606
2024-06-24,HOLD,False,1445.5250244140625,77.50285645140796,0.0,112032.31846408108
2024-06-25,HOLD,False,1443.0,77.50285645140796,0.0,111836.62185938169
2024-06-26,HOLD,False,1446.050048828125,77.50285645140796,0.0,112073.00935587766
2024-06-27,HOLD,False,1513.75,77.50285645140796,0.0,117319.9489533188
2024-06-28,HOLD,False,1531.0250244140625,77.50285645140796,0.0,118658.81269067647
2024-07-01,HOLD,False,1562.5250244140625,77.50285645140796,0.0,121100.15266889581
2024-07-02,HOLD,False,1569.5,77.50285645140796,0.0,121640.7332004848
2024-07-03,HOLD,False,1566.324951171875,77.50285645140796,0.0,121394.65784693242
2024-07-04,HOLD,False,1557.0,77.50285645140796,0.0,120671.9474948422
2024-07-05,HOLD,False,1553.824951171875,77.50285645140796,0.0,120425.87214128982
2024-07-08,HOLD,False,1589.0,77.50285645140796,0.0,123152.03890128726
2024-07-09,HOLD,False,1597.5999755859375,77.50285645140796,0.0,123818.56157460979
2024-07-10,HOLD,False,1595.0,77.50285645140796,0.0,123617.0560399957
2024-07-11,HOLD,False,1587.5,77.50285645140796,0.0,123035.78461661014
2024-07-12,HOLD,False,1584.5,77.50285645140796,0.0,122803.27604725592
2024-07-15,HOLD,False,1604.449951171875,77.50285645140796,0.0,124349.45424914235
2024-07-16,HOLD,False,1593.5,77.50285645140796,0.0,123500.8017553186
2024-07-18,HOLD,False,1576.0,77.50285645140796,0.0,122144.50176741896
2024-07-19,HOLD,False,1586.0,77.50285645140796,0.0,122919.53033193303
2024-07-22,HOLD,False,1537.25,77.50285645140796,0.0,119141.26607992689
2024-07-23,HOLD,False,1501.0,77.50285645140796,0.0,116331.78753356336
2024-07-24,HOLD,False,1485.0,77.50285645140796,0.0,115091.74183034083
2024-07-25,HOLD,False,1481.0,77.50285645140796,0.0,114781.73040453519
2024-07-26,HOLD,False,1492.4000244140625,77.50285645140796,0.0,115665.26486024083
2024-07-29,HOLD,False,1511.949951171875,77.50285645140796,0.0,117180.44002738711
2024-07-30,HOLD,False,1517.0250244140625,77.50285645140796,0.0,117573.77270035676
2024-07-31,HOLD,False,1504.0,77.50285645140796,0.0,116564.29610291758
2024-08-01,HOLD,False,1512.0,77.50285645140796,0.0,117184.31895452885
2024-08-02,HOLD,False,1505.0,77.50285645140796,0.0,116641.79895936899
2024-08-05,HOLD,False,1480.0,77.50285645140796,0.0,114704.22754808379
2024-08-06,HOLD,False,1455.1500244140625,77.50285645140796,0.0,112778.28345742587
2024-08-07,HOLD,False,1469.0,77.50285645140796,0.0,113851.6961271183
2024-08-08,HOLD,False,1457.5250244140625,77.50285645140796,0.0,112962.35274149798
2024-08-09,HOLD,False,1460.0,77.50285645140796,0.0,113154.17041905563
2024-08-12,HOLD,False,1470.0,77.50285645140796,0.0,113929.1989835697
2024-08-13,HOLD,False,1460.75,77.50285645140796,0.0,113212.29756139418
2024-08-14,HOLD,False,1463.550048828125,77.50285645140796,0.0,113429.30934377729
2024-08-16,HOLD,False,1468.6500244140625,77.50285645140796,0.0,113824.5720195199
2024-08-19,HOLD,False,1482.5,77.50285645140796,0.0,114897.9846892123
2024-08-20,HOLD,False,1497.2249755859375,77.50285645140796,0.0,116039.21235829972
2024-08-21,HOLD,False,1493.25,77.50285645140796,0.0,115731.14039606495
2024-08-22,HOLD,False,1503.0,77.50285645140796,0.0,116486.79324646617
2024-08-23,HOLD,False,1503.75,77.50285645140796,0.0,116544.92038880473
2024-08-26,HOLD,False,1506.9749755859375,77.50285645140796,0.0,116794.86520870094
2024-08-27,HOLD,False,1510.5,77.50285645140796,0.0,117068.06466985174
2024-08-28,HOLD,False,1505.0,77.50285645140796,0.0,116641.79895936899
2024-08-29,HOLD,False,1503.0999755859375,77.50285645140796,0.0,116494.54163995173
2024-08-30,HOLD,False,1534.0,77.50285645140796,0.0,118889.38179645981
2024-09-02,HOLD,False,1510.875,77.50285645140796,0.0,117097.12824102101
2024-09-03,HOLD,False,1521.25,77.50285645140796,0.0,117901.22037670437
2024-09-04,HOLD,False,1500.699951171875,77.50285645140796,0.0,116308.53289230877
2024-09-05,HOLD,False,1519.050048828125,77.50285645140796,0.0,117730.71787683043
2024-09-06,HOLD,False,1492.5,77.50285645140796,0.0,115673.01325372639
2024-09-09,HOLD,False,1466.5,77.50285645140796,0.0,113657.93898598978
2024-09-10,HOLD,False,1460.5,77.50285645140796,0.0,113192.92184728134
2024-09-11,HOLD,False,1463.050048828125,77.50285645140796,0.0,113390.55791555159
2024-09-12,HOLD,False,1457.0,77.50285645140796,0.0,112921.6618497014
2024-09-13,HOLD,False,1476.4000244140625,77.50285645140796,0.0,114425.2191570183
2024-09-16,HOLD,False,1477.550048828125,77.50285645140796,0.0,114514.349334097
2024-09-17,HOLD,False,1474.0,77.50285645140796,0.0,114239.21040937534
2024-09-18,HOLD,False,1470.0,77.50285645140796,0.0,113929.1989835697
2024-09-19,HOLD,False,1466.25,77.50285645140796,0.0,113638.56327187693
2024-09-20,HOLD,False,1474.0,77.50285645140796,0.0,114239.21040937534
2024-09-23,HOLD,False,1491.0,77.50285645140796,0.0,115556.75896904928
2024-09-24,HOLD,False,1488.5,77.50285645140796,0.0,115363.00182792076
2024-09-25,HOLD,False,1483.9000244140625,77.50285645140796,0.0,115006.49058040386
2024-09-26,HOLD,False,1490.6500244140625,77.50285645140796,0.0,115529.63486145086
2024-09-27,HOLD,False,1499.0,77.50285645140796,0.0,116176.78182066054
2024-09-30,HOLD,False,1519.4000244140625,77.50285645140796,0.0,117757.84198442884
2024-10-01,HOLD,False,1480.6500244140625,77.50285645140796,0.0,114754.60629693678
2024-10-03,HOLD,False,1436.574951171875,77.50285645140796,0.0,111338.66222236224
2024-10-04,HOLD,False,1403.925048828125,77.50285645140796,0.0,108808.2015278621
2024-10-07,HOLD,False,1393.5,77.50285645140796,0.0,108000.230465037
2024-10-08,HOLD,False,1372.9749755859375,77.50285645140796,0.0,106409.48244421226
2024-10-09,HOLD,False,1397.5250244140625,77.50285645140796,0.0,108312.1813544135
2024-10-10,HOLD,False,1380.0250244140625,77.50285645140796,0.0,106955.88136651386
2024-10-11,HOLD,False,1370.0,77.50285645140796,0.0,106178.91333842892
2024-10-14,HOLD,False,1379.449951171875,77.50285645140796,0.0,106911.31154757555
2024-10-15,HOLD,False,1358.5250244140625,77.50285645140796,0.0,105289.56995280858
2024-10-16,HOLD,False,1340.0,77.50285645140796,0.0,103853.82764488667
2024-10-17,HOLD,False,1365.699951171875,77.50285645140796,0.0,105845.6472713687
2024-10-18,HOLD,False,1352.175048828125,77.50285645140796,0.0,104797.42870650173
2024-10-21,HOLD,False,1367.125,77.50285645140796,0.0,105956.09262613111
2024-10-22,HOLD,False,1369.199951171875,77.50285645140796,0.0,106116.90726894862
2024-10-23,HOLD,False,1337.5,77.50285645140796,0.0,103660.07050375815
2024-10-24,HOLD,False,1335.2750244140625,77.50285645140796,0.0,103487.62854031335
2024-10-25,HOLD,False,1343.5,77.50285645140796,0.0,104125.0876424666
2024-10-28,HOLD,False,1337.0,77.50285645140796,0.0,103621.31907553245
2024-10-29,HOLD,False,1328.0999755859375,77.50285645140796,0.0,102931.54176095534
2024-10-30,HOLD,False,1335.0,77.50285645140796,0.0,103466.31336262963
2024-10-31,HOLD,False,1340.0,77.50285645140796,0.0,103853.82764488667
2024-11-01,HOLD,False,1333.050048828125,77.50285645140796,0.0,103315.18657686855
2024-11-04,HOLD,False,1337.8499755859375,77.50285645140796,0.0,103687.19461135656
2024-11-05,HOLD,False,1293.0,77.50285645140796,0.0,100211.1933916705
2024-11-06,HOLD,False,1310.0,77.50285645140796,0.0,101528.74195134443
2024-11-07,HOLD,False,1324.0,77.50285645140796,0.0,102613.78194166414
2024-11-08,HOLD,False,1297.6500244140625,77.50285645140796,0.0,100571.58356632912
2024-11-11,HOLD,False,1278.949951171875,77.50285645140796,0.0,99122.27447420906
2024-11-12,HOLD,False,1275.550048828125,77.50285645140796,0.0,98858.77233091259
2024-11-13,HOLD,False,1270.25,77.50285645140796,0.0,98448.00340740096
2024-11-14,HOLD,False,1253.5999755859375,77.50285645140796,0.0,97157.57895532544
2024-11-18,HOLD,False,1267.5999755859375,77.50285645140796,0.0,98242.61894564515
2024-11-19,HOLD,False,1260.75,77.50285645140796,0.0,97711.7262711126
2024-11-21,HOLD,False,1241.6500244140625,77.50285645140796,0.0,96231.42360505028
2024-11-22,HOLD,False,1229.4000244140625,77.50285645140796,0.0,95282.01361352054
2024-11-25,HOLD,False,1290.0,77.50285645140796,0.0,99978.68482231628
2024-11-26,HOLD,False,1294.949951171875,77.50285645140796,0.0,100362.32017743158
2024-11-27,HOLD,False,1293.5,77.50285645140796,0.0,100249.9448198962
2024-11-28,HOLD,False,1289.949951171875,77.50285645140796,0.0,99974.80589517455
2024-11-29,HOLD,False,1280.0,77.50285645140796,0.0,99203.6562578022
2024-12-02,HOLD,False,1288.0,77.50285645140796,0.0,99823.67910941345
2024-12-03,HOLD,False,1317.0,77.50285645140796,0.0,102071.2619465043
2024-12-04,HOLD,False,1326.0,77.50285645140796,0.0,102768.78765456696
2024-12-05,HOLD,False,1314.3499755859375,77.50285645140796,0.0,101865.87748474847
2024-12-06,HOLD,False,1323.9000244140625,77.50285645140796,0.0,102606.03354817859
2024-12-09,HOLD,False,1303.0,77.50285645140796,0.0,100986.22195618458
2024-12-10,HOLD,False,1289.25,77.50285645140796,0.0,99920.55767997772
2024-12-11,HOLD,False,1285.0,77.50285645140796,0.0,99591.17054005923
2024-12-12,HOLD,False,1270.0,77.50285645140796,0.0,98428.62769328812
2024-12-13,HOLD,False,1260.0,77.50285645140796,0.0,97653.59912877403
2024-12-16,HOLD,False,1275.0,77.50285645140796,0.0,98816.14197554515
2024-12-17,HOLD,False,1261.050048828125,77.50285645140796,0.0,97734.98091236717
2024-12-18,HOLD,False,1240.6500244140625,77.50285645140796,0.0,96153.92074859887
2024-12-19,HOLD,False,1239.0,77.50285645140796,0.0,96026.03914329447
2024-12-20,HOLD,False,1224.0,77.50285645140796,0.0,94863.49629652334
2024-12-23,HOLD,False,1215.0,77.50285645140796,0.0,94165.97058846068
2024-12-24,HOLD,False,1222.300048828125,77.50285645140796,0.0,94731.74522487512
2024-12-26,HOLD,False,1224.25,77.50285645140796,0.0,94882.8720106362
2024-12-27,HOLD,False,1218.300048828125,77.50285645140796,0.0,94421.73379906948
2024-12-30,HOLD,False,1216.4000244140625,77.50285645140796,0.0,94274.47647965224
2024-12-31,HOLD,False,1208.0,77.50285645140796,0.0,93623.45059330082
2025-01-01,HOLD,False,1214.8499755859375,77.50285645140796,0.0,94154.34326783338
2025-01-02,HOLD,False,1221.25,77.50285645140796,0.0,94650.36344128198
2025-01-03,HOLD,False,1243.9000244140625,77.50285645140796,0.0,96405.80503206595
2025-01-06,HOLD,False,1253.949951171875,77.50285645140796,0.0,97184.70306292386
2025-01-07,HOLD,False,1222.0,77.50285645140796,0.0,94708.49058362053
2025-01-08,HOLD,False,1249.0,77.50285645140796,0.0,96801.06770780854
2025-01-09,HOLD,False,1267.0,77.50285645140796,0.0,98196.1191239339
2025-01-10,HOLD,False,1253.8499755859375,77.50285645140796,0.0,97176.9546694383
2025-01-13,HOLD,False,1230.0,77.50285645140796,0.0,95328.5134352318
2025-01-14,HOLD,False,1244.0999755859375,77.50285645140796,0.0,96421.30181903706
2025-01-15,HOLD,False,1244.949951171875,77.50285645140796,0.0,96487.17735486118
2025-01-16,HOLD,False,1258.9000244140625,77.50285645140796,0.0,97568.34787883707
2025-01-17,HOLD,False,1322.25,77.50285645140796,0.0,102478.15194287419
2025-01-20,HOLD,False,1316.0,77.50285645140796,0.0,101993.75909005289
2025-01-21,HOLD,False,1310.5,77.50285645140796,0.0,101567.49337957014
2025-01-22,HOLD,False,1278.300048828125,77.50285645140796,0.0,99071.90518615396
2025-01-23,HOLD,False,1270.0,77.50285645140796,0.0,98428.62769328812
2025-01-24,HOLD,False,1266.0,77.50285645140796,0.0,98118.61626748249
2025-01-27,HOLD,False,1239.0999755859375,77.50285645140796,0.0,96033.78753678003
2025-01-28,HOLD,False,1238.0,77.50285645140796,0.0,95948.53628684307
2025-01-29,HOLD,False,1236.0,77.50285645140796,0.0,95793.53057394024
2025-01-30,HOLD,False,1235.550048828125,77.50285645140796,0.0,95758.65807285627
2025-01-31,HOLD,False,1255.8499755859375,77.50285645140796,0.0,97331.96038234112
2025-02-01,HOLD,False,1265.0999755859375,77.50285645140796,0.0,98048.86180451664
2025-02-03,HOLD,False,1251.0,77.50285645140796,0.0,96956.07342071137
2025-02-04,HOLD,False,1248.050048828125,77.50285645140796,0.0,96727.44377849887
2025-02-05,HOLD,False,1282.6500244140625,77.50285645140796,0.0,99409.040719558
2025-02-06,HOLD,False,1273.699951171875,77.50285645140796,0.0,98715.38447783916
2025-02-07,HOLD,False,1276.1500244140625,77.50285645140796,0.0,98905.27215262386
2025-02-10,HOLD,False,1264.5,77.50285645140796,0.0,98002.36198280538
2025-02-11,HOLD,False,1264.550048828125,77.50285645140796,0.0,98006.24090994711
2025-02-12,HOLD,False,1219.449951171875,77.50285645140796,0.0,94510.85451535028
2025-02-13,HOLD,False,1217.050048828125,77.50285645140796,0.0,94324.85522850523
2025-02-14,HOLD,False,1219.0,77.50285645140796,0.0,94475.98201426631
2025-02-17,HOLD,False,1211.0999755859375,77.50285645140796,0.0,93863.70755614061
2025-02-18,HOLD,False,1224.8499755859375,77.50285645140796,0.0,94929.37183234746
2025-02-19,HOLD,False,1219.5,77.50285645140796,0.0,94514.73344249201
2025-02-20,HOLD,False,1223.949951171875,77.50285645140796,0.0,94859.61736938161
2025-02-21,HOLD,False,1228.699951171875,77.50285645140796,0.0,95227.7559375258
2025-02-24,HOLD,False,1216.550048828125,77.50285645140796,0.0,94286.10380027952
2025-02-25,HOLD,False,1211.0,77.50285645140796,0.0,93855.95916265504
2025-02-27,HOLD,False,1212.800048828125,77.50285645140796,0.0,93995.46808858674
2025-02-28,HOLD,False,1202.0,77.50285645140796,0.0,93158.43345459238
2025-03-03,HOLD,False,1204.0,77.50285645140796,0.0,93313.43916749519
2025-03-04,HOLD,False,1162.199951171875,77.50285645140796,0.0,90073.81598350717
2025-03-05,HOLD,False,1161.0,77.50285645140796,0.0,89980.81634008465
2025-03-06,HOLD,False,1197.0,77.50285645140796,0.0,92770.91917233533
2025-03-07,HOLD,False,1216.0,77.50285645140796,0.0,94243.47344491209
2025-03-10,HOLD,False,1245.0,77.50285645140796,0.0,96491.05628200292
2025-03-11,HOLD,False,1240.0,77.50285645140796,0.0,96103.54199974588
2025-03-12,HOLD,False,1258.0,77.50285645140796,0.0,97498.59341587122
2025-03-13,HOLD,False,1260.050048828125,77.50285645140796,0.0,97657.47805591577
2025-03-17,HOLD,False,1242.1500244140625,77.50285645140796,0.0,96270.17503327598
2025-03-18,HOLD,False,1238.8499755859375,77.50285645140796,0.0,96014.41182266717
2025-03-19,HOLD,False,1241.050048828125,77.50285645140796,0.0,96184.92378333902
2025-03-20,HOLD,False,1251.8499755859375,77.50285645140796,0.0,97021.94895653547
2025-03-21,HOLD,False,1275.0,77.50285645140796,0.0,98816.14197554515
2025-03-24,HOLD,False,1291.0,77.50285645140796,0.0,100056.18767876769
2025-03-25,HOLD,False,1307.699951171875,77.50285645140796,0.0,101350.48159718703
2025-03-26,HOLD,False,1291.0,77.50285645140796,0.0,100056.18767876769
2025-03-27,HOLD,False,1278.1500244140625,77.50285645140796,0.0,99060.27786552667
2025-03-28,HOLD,False,1280.0,77.50285645140796,0.0,99203.6562578022
2025-04-01,HOLD,False,1264.5999755859375,77.50285645140796,0.0,98010.11037629093
2025-04-02,HOLD,False,1247.550048828125,77.50285645140796,0.0,96688.69235027317
2025-04-03,HOLD,False,1233.050048828125,77.50285645140796,0.0,95564.90093172775
2025-04-04,HOLD,False,1241.0999755859375,77.50285645140796,0.0,96188.79324968284
2025-04-07,HOLD,False,1132.199951171875,77.50285645140796,0.0,87748.73028996494
2025-04-08,HOLD,False,1172.0,77.50285645140796,0.0,90833.34776105013
2025-04-09,HOLD,False,1169.5,77.50285645140796,0.0,90639.59061992161
2025-04-11,HOLD,False,1195.1500244140625,77.50285645140796,0.0,92627.5407800598
2025-04-15,HOLD,False,1251.0,77.50285645140796,0.0,96956.07342071137
2025-04-16,HOLD,False,1234.0999755859375,77.50285645140796,0.0,95646.27325452298
2025-04-17,HOLD,False,1240.199951171875,77.50285645140796,0.0,96119.03878671699
2025-04-21,HOLD,False,1270.0,77.50285645140796,0.0,98428.62769328812
2025-04-22,HOLD,False,1300.0,77.50285645140796,0.0,100753.71338683035
2025-04-23,HOLD,False,1297.0,77.50285645140796,0.0,100521.20481747613
2025-04-24,HOLD,False,1292.4000244140625,77.50285645140796,0.0,100164.69356995923
2025-04-25,HOLD,False,1303.5,77.50285645140796,0.0,101024.97338441029
2025-04-28,HOLD,False,1340.0,77.50285645140796,0.0,103853.82764488667
2025-04-29,HOLD,False,1371.0,77.50285645140796,0.0,106256.41619488032
2025-04-30,HOLD,False,1402.0,77.50285645140796,0.0,108659.00474487396
2025-05-02,HOLD,False,1414.0,77.50285645140796,0.0,109589.03902229086
2025-05-05,HOLD,False,1431.0,77.50285645140796,0.0,110906.58758196479
2025-05-06,HOLD,False,1431.0,77.50285645140796,0.0,110906.58758196479
2025-05-07,HOLD,False,1420.9000244140625,77.50285645140796,0.0,110123.81062396515
2025-05-08,HOLD,False,1404.0999755859375,77.50285645140796,0.0,108821.75885126235
2025-05-09,HOLD,False,1385.5,77.50285645140796,0.0,107380.20761342574
2025-05-12,HOLD,False,1400.0,77.50285645140796,0.0,108503.99903197115
2025-05-13,HOLD,False,1433.5,77.50285645140796,0.0,111100.34472309332
2025-05-14,HOLD,False,1420.0,77.50285645140796,0.0,110054.05616099932
2025-05-15,HOLD,False,1425.0,77.50285645140796,0.0,110441.57044325635
2025-05-16,HOLD,False,1453.199951171875,77.50285645140796,0.0,112627.1472108669
2025-05-19,HOLD,False,1452.0999755859375,77.50285645140796,0.0,112541.89596092992
2025-05-20,HOLD,False,1438.199951171875,77.50285645140796,0.0,111464.60436409577
2025-05-21,HOLD,False,1423.9000244140625,77.50285645140796,0.0,110356.31919331939
2025-05-22,HOLD,False,1421.199951171875,77.50285645140796,0.0,110147.05580442183
2025-05-23,HOLD,False,1406.5999755859375,77.50285645140796,0.0,109015.51599239086
2025-05-26,HOLD,False,1432.0,77.50285645140796,0.0,110984.0904384162
2025-05-27,HOLD,False,1426.0999755859375,77.50285645140796,0.0,110526.82169319331
2025-05-28,HOLD,False,1420.0999755859375,77.50285645140796,0.0,110061.80455448487
2025-05-29,HOLD,False,1412.0999755859375,77.50285645140796,0.0,109441.7817028736
2025-05-30,HOLD,False,1418.0,77.50285645140796,0.0,109899.05044809649
2025-06-02,HOLD,False,1412.0999755859375,77.50285645140796,0.0,109441.7817028736
2025-06-03,HOLD,False,1422.300048828125,77.50285645140796,0.0,110232.31651515671
2025-06-04,HOLD,False,1414.699951171875,77.50285645140796,0.0,109643.28723748769
2025-06-05,HOLD,False,1428.0,77.50285645140796,0.0,110674.07901261057
2025-06-06,HOLD,False,1441.0,77.50285645140796,0.0,111681.61614647887
2025-06-09,HOLD,False,1457.0,77.50285645140796,0.0,112921.6618497014
2025-06-10,HOLD,False,1450.0,77.50285645140796,0.0,112379.14185454155
2025-06-11,HOLD,False,1445.800048828125,77.50285645140796,0.0,112053.6336417648
2025-06-12,HOLD,False,1453.5,77.50285645140796,0.0,112650.40185212147
2025-06-13,HOLD,False,1424.0,77.50285645140796,0.0,110364.06758680494
2025-06-16,HOLD,False,1426.9000244140625,77.50285645140796,0.0,110588.82776267361
2025-06-17,HOLD,False,1448.0,77.50285645140796,0.0,112224.13614163874
2025-06-18,HOLD,False,1430.0,77.50285645140796,0.0,110829.08472551338
2025-06-19,HOLD,False,1430.0999755859375,77.50285645140796,0.0,110836.83311899895
2025-06-20,HOLD,False,1431.0,77.50285645140796,0.0,110906.58758196479
2025-06-23,HOLD,False,1453.0,77.50285645140796,0.0,112611.65042389577
2025-06-24,HOLD,False,1465.0,77.50285645140796,0.0,113541.68470131267
2025-06-25,HOLD,False,1464.0,77.50285645140796,0.0,113464.18184486126
2025-06-26,HOLD,False,1469.0999755859375,77.50285645140796,0.0,113859.44452060387
2025-06-27,HOLD,False,1499.4000244140625,77.50285645140796,0.0,116207.78485540068
2025-06-30,HOLD,False,1513.800048828125,77.50285645140796,0.0,117323.82788046054
2025-07-01,HOLD,False,1500.5999755859375,77.50285645140796,0.0,116300.78449882321
2025-07-02,HOLD,False,1528.4000244140625,77.50285645140796,0.0,118455.36769249152
2025-07-03,HOLD,False,1520.800048828125,77.50285645140796,0.0,117866.3478756204
2025-07-04,HOLD,False,1524.0,77.50285645140796,0.0,118114.35323194574
2025-07-07,HOLD,False,1526.5999755859375,77.50285645140796,0.0,118315.85876655982
2025-07-08,HOLD,False,1536.0,77.50285645140796,0.0,119044.38750936263
2025-07-09,HOLD,False,1536.699951171875,77.50285645140796,0.0,119098.63572455946
2025-07-10,HOLD,False,1519.699951171875,77.50285645140796,0.0,117781.08716488552
2025-07-11,HOLD,False,1512.0,77.50285645140796,0.0,117184.31895452885
2025-07-14,HOLD,False,1492.199951171875,77.50285645140796,0.0,115649.75861247181
2025-07-15,HOLD,False,1486.199951171875,77.50285645140796,0.0,115184.74147376335
2025-07-16,HOLD,False,1473.0,77.50285645140796,0.0,114161.70755292394
2025-07-17,HOLD,False,1487.4000244140625,77.50285645140796,0.0,115277.75057798378
2025-07-18,HOLD,False,1484.800048828125,77.50285645140796,0.0,115076.24504336971
2025-07-21,HOLD,False,1465.0,77.50285645140796,0.0,113541.68470131267
2025-07-22,HOLD,False,1427.4000244140625,77.50285645140796,0.0,110627.57919089931
2025-07-23,HOLD,False,1426.0,77.50285645140796,0.0,110519.07329970776
2025-07-24,HOLD,False,1419.199951171875,77.50285645140796,0.0,109992.05009151902
2025-07-25,HOLD,False,1398.9000244140625,77.50285645140796,0.0,108418.74778203419
2025-07-28,HOLD,False,1392.300048828125,77.50285645140796,0.0,107907.23082161447
2025-07-29,HOLD,False,1383.0,77.50285645140796,0.0,107186.45047229722
2025-07-30,HOLD,False,1418.0999755859375,77.50285645140796,0.0,109906.79884158206
2025-07-31,HOLD,False,1388.0999755859375,77.50285645140796,0.0,107581.71314803981
2025-08-01,HOLD,False,1386.9000244140625,77.50285645140796,0.0,107488.71350461729
2025-08-04,HOLD,False,1395.0999755859375,77.50285645140796,0.0,108124.23314319967
2025-08-05,HOLD,False,1411.0,77.50285645140796,0.0,109356.53045293664
2025-08-06,HOLD,False,1391.9000244140625,77.50285645140796,0.0,107876.22778687433
2025-08-07,HOLD,False,1387.699951171875,77.50285645140796,0.0,107550.71011329968
2025-08-08,HOLD,False,1385.0,77.50285645140796,0.0,107341.45618520003
2025-08-11,HOLD,False,1370.0,77.50285645140796,0.0,106178.91333842892
2025-08-12,HOLD,False,1381.9000244140625,77.50285645140796,0.0,107101.19922236024
2025-08-13,HOLD,False,1388.0,77.50285645140796,0.0,107573.96475455425
2025-08-14,HOLD,False,1377.300048828125,77.50285645140796,0.0,106744.68797484336
2025-08-18,HOLD,False,1390.0,77.50285645140796,0.0,107728.97046745707
2025-08-19,HOLD,False,1390.0,77.50285645140796,0.0,107728.97046745707
2025-08-20,HOLD,False,1413.0,77.50285645140796,0.0,109511.53616583945
2025-08-21,HOLD,False,1425.0,77.50285645140796,0.0,110441.57044325635
2025-08-22,HOLD,False,1420.0,77.50285645140796,0.0,110054.05616099932
2025-08-25,HOLD,False,1414.699951171875,77.50285645140796,0.0,109643.28723748769
2025-08-26,HOLD,False,1408.0,77.50285645140796,0.0,109124.02188358242
2025-08-28,HOLD,False,1389.9000244140625,77.50285645140796,0.0,107721.22207397151
2025-08-29,HOLD,False,1381.0999755859375,77.50285645140796,0.0,107039.19315287996
2025-09-01,HOLD,False,1356.0,77.50285645140796,0.0,105093.8733481092
2025-09-02,HOLD,False,1354.800048828125,77.50285645140796,0.0,105000.87370468667
2025-09-03,HOLD,False,1369.699951171875,77.50285645140796,0.0,106155.65869717432
2025-09-04,HOLD,False,1371.800048828125,77.50285645140796,0.0,106318.4222643606
2025-09-05,HOLD,False,1363.0,77.50285645140796,0.0,105636.39334326905
2025-09-08,HOLD,False,1380.0,77.50285645140796,0.0,106953.94190294298
2025-09-09,HOLD,False,1376.5999755859375,77.50285645140796,0.0,106690.43029884862
2025-09-10,HOLD,False,1383.9000244140625,77.50285645140796,0.0,107256.20493526306
2025-09-11,HOLD,False,1376.0,77.50285645140796,0.0,106643.93047713736
2025-09-12,HOLD,False,1383.300048828125,77.50285645140796,0.0,107209.7051135518
2025-09-15,HOLD,False,1393.0,77.50285645140796,0.0,107961.47903681129
2025-09-16,HOLD,False,1404.699951171875,77.50285645140796,0.0,108868.2586729736
2025-09-17,HOLD,False,1407.0,77.50285645140796,0.0,109046.51902713101
2025-09-18,HOLD,False,1420.4000244140625,77.50285645140796,0.0,110085.05919573945
2025-09-19,HOLD,False,1414.9000244140625,77.50285645140796,0.0,109658.79348525671
2025-09-22,HOLD,False,1403.9000244140625,77.50285645140796,0.0,108806.26206429122
2025-09-23,HOLD,False,1391.0,77.50285645140796,0.0,107806.47332390847
2025-09-24,HOLD,False,1385.300048828125,77.50285645140796,0.0,107364.71082645461
2025-09-25,HOLD,False,1381.300048828125,77.50285645140796,0.0,107054.69940064898
2025-09-26,HOLD,False,1372.0,77.50285645140796,0.0,106333.91905133173
2025-09-29,HOLD,False,1381.5999755859375,77.50285645140796,0.0,107077.94458110566
2025-09-30,HOLD,False,1377.0999755859375,77.50285645140796,0.0,106729.18172707433
2025-10-01,HOLD,False,1367.0,77.50285645140796,0.0,105946.40476907468
2025-10-03,HOLD,False,1363.199951171875,77.50285645140796,0.0,105651.89013024018
2025-10-06,HOLD,False,1360.0,77.50285645140796,0.0,105403.88477391483
2025-10-07,HOLD,False,1376.0,77.50285645140796,0.0,106643.93047713736
2025-10-08,HOLD,False,1384.800048828125,77.50285645140796,0.0,107325.95939822891
2025-10-09,HOLD,False,1374.0,77.50285645140796,0.0,106488.92476423454
2025-10-10,HOLD,False,1377.800048828125,77.50285645140796,0.0,106783.43940306906
2025-10-13,HOLD,False,1376.9000244140625,77.50285645140796,0.0,106713.68494010321
2025-10-14,HOLD,False,1380.0,77.50285645140796,0.0,106953.94190294298
2025-10-15,HOLD,False,1383.0,77.50285645140796,0.0,107186.45047229722
2025-10-16,HOLD,False,1375.0999755859375,77.50285645140796,0.0,106574.1760141715
2025-10-17,HOLD,False,1401.0,77.50285645140796,0.0,108581.50188842256
2025-10-20,HOLD,False,1440.0,77.50285645140796,0.0,111604.11329002747
2025-10-21,HOLD,False,1468.0,77.50285645140796,0.0,113774.19327066689
2025-10-23,HOLD,False,1475.0,77.50285645140796,0.0,114316.71326582675
2025-10-24,HOLD,False,1450.0,77.50285645140796,0.0,112379.14185454155
2025-10-27,HOLD,False,1463.0,77.50285645140796,0.0,113386.67898840985
2025-10-28,HOLD,False,1484.0999755859375,77.50285645140796,0.0,115021.98736737498
2025-10-29,HOLD,False,1490.0,77.50285645140796,0.0,115479.25611259787
2025-10-30,HOLD,False,1500.0,77.50285645140796,0.0,116254.28467711195
2025-10-31,HOLD,False,1490.4000244140625,77.50285645140796,0.0,115510.25914733802
2025-11-03,HOLD,False,1486.0,77.50285645140796,0.0,115169.24468679224
2025-11-04,HOLD,False,1483.9000244140625,77.50285645140796,0.0,115006.49058040386
2025-11-06,HOLD,False,1484.0,77.50285645140796,0.0,115014.23897388941
2025-11-07,HOLD,False,1494.5999755859375,77.50285645140796,0.0,115835.76736011477
2025-11-10,HOLD,False,1477.9000244140625,77.50285645140796,0.0,114541.47344169542
2025-11-11,HOLD,False,1497.0,77.50285645140796,0.0,116021.77610775772
2025-11-12,HOLD,False,1505.0,77.50285645140796,0.0,116641.79895936899
2025-11-13,HOLD,False,1515.0,77.50285645140796,0.0,117416.82752388307
2025-11-14,HOLD,False,1505.5,77.50285645140796,0.0,116680.55038759469
2025-11-17,HOLD,False,1520.9000244140625,77.50285645140796,0.0,117874.09626910595
2025-11-18,HOLD,False,1521.699951171875,77.50285645140796,0.0,117936.09287778834
2025-11-19,HOLD,False,1517.4000244140625,77.50285645140796,0.0,117602.83627152603
2025-11-20,HOLD,False,1530.0,77.50285645140796,0.0,118579.37037065419
2025-11-21,HOLD,False,1541.0,77.50285645140796,0.0,119431.90179161968
2025-11-24,HOLD,False,1550.0,77.50285645140796,0.0,120129.42749968235
2025-11-25,HOLD,False,1535.9000244140625,77.50285645140796,0.0,119036.63911587707
2025-11-26,HOLD,False,1542.300048828125,77.50285645140796,0.0,119532.65928932566
2025-11-27,HOLD,False,1575.0,77.50285645140796,0.0,122066.99891096755
2025-11-28,HOLD,False,1568.0,77.50285645140796,0.0,121524.47891580769
2025-12-01,HOLD,False,1575.0,77.50285645140796,0.0,122066.99891096755
2025-12-02,HOLD,False,1561.0999755859375,77.50285645140796,0.0,120989.7073141334
2025-12-03,HOLD,False,1545.199951171875,77.50285645140796,0.0,119757.41000439643
2025-12-04,HOLD,False,1536.0,77.50285645140796,0.0,119044.38750936263
2025-12-05,HOLD,False,1530.4000244140625,77.50285645140796,0.0,118610.37340539433
2025-12-08,HOLD,False,1539.199951171875,77.50285645140796,0.0,119292.39286568797
2025-12-09,HOLD,False,1540.300048828125,77.50285645140796,0.0,119377.65357642285
2025-12-10,HOLD,False,1534.0,77.50285645140796,0.0,118889.38179645981
2025-12-11,HOLD,False,1536.9000244140625,77.50285645140796,0.0,119114.14197232848
2025-12-12,HOLD,False,1550.800048828125,77.50285645140796,0.0,120191.43356916263
2025-12-15,HOLD,False,1551.199951171875,77.50285645140796,0.0,120222.42714310487
2025-12-16,HOLD,False,1545.0,77.50285645140796,0.0,119741.9132174253
2025-12-17,HOLD,False,1550.0,77.50285645140796,0.0,120129.42749968235
2025-12-18,HOLD,False,1535.199951171875,77.50285645140796,0.0,118982.38143988235
2025-12-19,HOLD,False,1554.4000244140625,77.50285645140796,0.0,120470.44196022813
2025-12-22,HOLD,False,1573.5,77.50285645140796,0.0,121950.74462629043
2025-12-23,HOLD,False,1580.9000244140625,77.50285645140796,0.0,122524.26765619044
2025-12-24,HOLD,False,1572.699951171875,77.50285645140796,0.0,121888.73855681015
2025-12-26,HOLD,False,1554.699951171875,77.50285645140796,0.0,120493.6871406848
2025-12-29,HOLD,False,1554.9000244140625,77.50285645140796,0.0,120509.19338845383
2025-12-30,HOLD,False,1547.0,77.50285645140796,0.0,119896.91893032812
2025-12-31,HOLD,False,1541.0,77.50285645140796,0.0,119431.90179161968
2026-01-01,HOLD,False,1573.699951171875,77.50285645140796,0.0,121966.24141326155
2026-01-02,HOLD,False,1580.0,77.50285645140796,0.0,122454.51319322459
2026-01-05,HOLD,False,1593.0,77.50285645140796,0.0,123462.05032709289
2026-01-06,HOLD,False,1569.0,77.50285645140796,0.0,121601.9817722591
2026-01-07,HOLD,False,1510.0,77.50285645140796,0.0,117029.31324162602
2026-01-08,HOLD,False,1500.0,77.50285645140796,0.0,116254.28467711195
2026-01-09,HOLD,False,1465.0,77.50285645140796,0.0,113541.68470131267
2026-01-12,HOLD,False,1475.300048828125,77.50285645140796,0.0,114339.96790708133
2026-01-13,HOLD,False,1485.0,77.50285645140796,0.0,115091.74183034083
2026-01-14,HOLD,False,1444.0,77.50285645140796,0.0,111914.1247158331
2026-01-15,HOLD,False,1458.800048828125,77.50285645140796,0.0,113061.1707756331
2026-01-16,HOLD,False,1458.800048828125,77.50285645140796,0.0,113061.1707756331
2026-01-19,HOLD,False,1450.5999755859375,77.50285645140796,0.0,112425.64167625281
2026-01-20,HOLD,False,1410.699951171875,77.50285645140796,0.0,109333.27581168205
2026-01-21,HOLD,False,1389.5,77.50285645140796,0.0,107690.21903923136
2026-01-22,HOLD,False,1410.0999755859375,77.50285645140796,0.0,109286.77598997079
2026-01-23,HOLD,False,1401.800048828125,77.50285645140796,0.0,108643.50795790285
2026-01-27,HOLD,False,1380.0,77.50285645140796,0.0,106953.94190294298
2026-01-28,HOLD,False,1385.0,77.50285645140796,0.0,107341.45618520003
2026-01-29,HOLD,False,1402.9000244140625,77.50285645140796,0.0,108728.75920783982
2026-01-30,HOLD,False,1382.5999755859375,77.50285645140796,0.0,107155.44743755707
2026-02-02,HOLD,False,1340.0,77.50285645140796,0.0,103853.82764488667
2026-02-03,HOLD,False,1473.9000244140625,77.50285645140796,0.0,114231.46201588977
2026-02-04,HOLD,False,1444.0,77.50285645140796,0.0,111914.1247158331
2026-02-05,HOLD,False,1457.0,77.50285645140796,0.0,112921.6618497014
2026-02-06,HOLD,False,1441.5,77.50285645140796,0.0,111720.36757470458
2026-02-09,HOLD,False,1458.0,77.50285645140796,0.0,112999.1647061528
2026-02-10,HOLD,False,1471.0,77.50285645140796,0.0,114006.70184002111
2026-02-11,HOLD,False,1459.5999755859375,77.50285645140796,0.0,113123.16738431549
2026-02-12,HOLD,False,1470.0,77.50285645140796,0.0,113929.1989835697
2026-02-13,HOLD,False,1445.5,77.50285645140796,0.0,112030.37900051022
2026-02-16,HOLD,False,1420.0999755859375,77.50285645140796,0.0,110061.80455448487
2026-02-17,HOLD,False,1431.0999755859375,77.50285645140796,0.0,110914.33597545036
2026-02-18,HOLD,False,1427.0,77.50285645140796,0.0,110596.57615615916
2026-02-19,HOLD,False,1443.0,77.50285645140796,0.0,111836.62185938169
2026-02-20,HOLD,False,1409.5,77.50285645140796,0.0,109240.27616825953
2026-02-23,HOLD,False,1425.0,77.50285645140796,0.0,110441.57044325635
2026-02-24,HOLD,False,1425.300048828125,77.50285645140796,0.0,110464.82508451093
2026-02-25,HOLD,False,1435.0,77.50285645140796,0.0,111216.59900777043
2026-02-26,HOLD,False,1398.5,77.50285645140796,0.0,108387.74474729404
2026-02-27,HOLD,False,1398.0,77.50285645140796,0.0,108348.99331906834
2026-03-02,HOLD,False,1375.5,77.50285645140796,0.0,106605.17904891165
2026-03-04,HOLD,False,1330.0,77.50285645140796,0.0,103078.7990803726
2026-03-05,HOLD,False,1353.0999755859375,77.50285645140796,0.0,104869.11317224054
2026-03-06,HOLD,False,1396.5,77.50285645140796,0.0,108232.73903439123
2026-03-09,HOLD,False,1375.0,77.50285645140796,0.0,106566.42762068595
2026-03-10,HOLD,False,1430.5999755859375,77.50285645140796,0.0,110875.58454722466
2026-03-11,HOLD,False,1424.9000244140625,77.50285645140796,0.0,110433.8220497708
2026-03-12,HOLD,False,1390.0,77.50285645140796,0.0,107728.97046745707
2026-03-13,HOLD,False,1385.199951171875,77.50285645140796,0.0,107356.95297217114
2026-03-16,HOLD,False,1380.0,77.50285645140796,0.0,106953.94190294298
2026-03-17,HOLD,False,1399.0,77.50285645140796,0.0,108426.49617551974
2026-03-18,HOLD,False,1397.199951171875,77.50285645140796,0.0,108286.98724958804
2026-03-19,HOLD,False,1388.0,77.50285645140796,0.0,107573.96475455425
2026-03-20,HOLD,False,1398.0,77.50285645140796,0.0,108348.99331906834
2026-03-23,HOLD,False,1400.0,77.50285645140796,0.0,108503.99903197115
2026-03-24,HOLD,False,1420.0,77.50285645140796,0.0,110054.05616099932
2026-03-25,HOLD,False,1420.0,77.50285645140796,0.0,110054.05616099932
2026-03-27,HOLD,False,1401.0,77.50285645140796,0.0,108581.50188842256
2026-03-30,HOLD,False,1335.0,77.50285645140796,0.0,103466.31336262963
2026-04-01,HOLD,False,1384.199951171875,77.50285645140796,0.0,107279.45011571974
2026-04-02,HOLD,False,1357.0,77.50285645140796,0.0,105171.37620456061
2026-04-06,HOLD,False,1359.0,77.50285645140796,0.0,105326.38191746343
2026-04-07,HOLD,False,1295.0,77.50285645140796,0.0,100366.19910457332
2026-04-08,HOLD,False,1349.0,77.50285645140796,0.0,104551.35335294934
2026-04-09,HOLD,False,1346.0,77.50285645140796,0.0,104318.84478359512
2026-04-10,HOLD,False,1337.0,77.50285645140796,0.0,103621.31907553245
